n_features,n_samples,obs_per_village,feautre_power,count_accuracy,mse_naive,mse_model,count_accuracy_optimal,mse_naive_optimal,mse_model_optimal
5,1000,10,1,0.9666666666666667,5.085692081991341,0.09449405725895385,0.9666666666666667,5.085692081991341,0.08564617616942684
5,1000,10,1,0.8333333333333334,4.39425571877709,0.40155006695838474,0.8333333333333334,4.39425571877709,0.3941923949153569
5,1000,10,1,0.9666666666666667,50.43715912319191,2.3740760394175533,0.9666666666666667,50.43715912319191,2.2330706232192408
5,1000,10,1,0.9333333333333333,3.2561085652893675,0.03528262804431535,0.9,3.2561085652893675,0.0335854044078649
5,1000,10,1,0.6,22.75425581705257,4.370304943779781,0.6666666666666666,22.75425581705257,3.5731666086940517
5,1000,10,1,0.9,15.370346412367889,0.1376302706416891,0.9,15.370346412367889,0.14309303452209338
5,1000,10,1,0.9666666666666667,4.8770285425077695,0.05225495679545166,0.9666666666666667,4.8770285425077695,0.04877961955598704
5,1000,10,1,0.9666666666666667,13.873232116231403,0.6542378084326682,0.9666666666666667,13.873232116231403,0.666215658484395
5,1000,10,1,0.9666666666666667,5.2032714927713775,0.04479994849225835,0.9666666666666667,5.2032714927713775,0.04823935443541404
5,1000,10,1,0.6666666666666666,16.87081497359766,5.6148514744484475,0.6666666666666666,16.87081497359766,5.3530477502157146
5,1000,10,1,0.9,1.433928419611027,0.10755460109322702,0.9,1.433928419611027,0.10200761284903435
5,1000,10,1,0.8,66.89847121426199,1.783016079276987,0.8333333333333334,66.89847121426199,1.356444185422113
5,1000,10,1,0.8333333333333334,0.3488131737475571,0.051311424791742194,0.8333333333333334,0.3488131737475571,0.0492769335122345
5,1000,10,1,0.9666666666666667,16.47000028719968,0.05983569659701449,0.9666666666666667,16.47000028719968,0.05870944025306409
5,1000,10,1,0.9333333333333333,8.831114829119748,0.8338336733162827,0.9,8.831114829119748,0.7824755007943505
5,1000,10,1,0.8666666666666667,19.239223287361884,0.5061600932437921,0.8666666666666667,19.239223287361884,0.5712800412033361
5,1000,10,1,1.0,32.354416117370626,0.07353424052839501,1.0,32.354416117370626,0.07376785696316739
5,1000,10,1,0.9666666666666667,2.7021624249746288,0.09635536068826041,0.9333333333333333,2.7021624249746288,0.0942927834896373
5,1000,10,1,0.9333333333333333,30.47717427486587,0.4747650711344477,0.9333333333333333,30.47717427486587,0.4166540891969681
5,1000,10,1,0.9666666666666667,17.308225092967614,0.2031242007470291,0.9666666666666667,17.308225092967614,0.20280654055354333
5,1000,20,1,0.9333333333333333,13.917214499937518,0.08034415445379074,0.9333333333333333,13.917214499937518,0.08152613087441778
5,1000,20,1,0.8666666666666667,6.80118168068671,0.09723082260989797,0.8666666666666667,6.80118168068671,0.09150378250285193
5,1000,20,1,0.6666666666666666,1.4276594666525602,0.08655986190590426,0.6666666666666666,1.4276594666525602,0.09029675093398863
5,1000,20,1,1.0,24.646690911284818,0.018831862911726036,1.0,24.646690911284818,0.01780347622943894
5,1000,20,1,0.8666666666666667,26.082186953943552,1.9255484428823908,0.8666666666666667,26.082186953943552,1.9989389841639256
5,1000,20,1,0.9333333333333333,13.633556610275456,0.045104991322693196,0.9333333333333333,13.633556610275456,0.04777092504987554
5,1000,20,1,0.8,1.7169173590706392,0.09025685080618119,0.8,1.7169173590706392,0.08834858498925403
5,1000,20,1,0.8,0.6422292447604482,0.009128448727263058,0.8,0.6422292447604482,0.00863279387127864
5,1000,20,1,1.0,44.299971402552984,0.48550451986307125,1.0,44.299971402552984,0.4813176885804132
5,1000,20,1,0.9333333333333333,0.5607403662395017,0.065007509960784,0.9333333333333333,0.5607403662395017,0.06874923130036614
5,1000,20,1,0.8666666666666667,6.747569705187205,0.2521233146239303,0.8666666666666667,6.747569705187205,0.2605961374466911
5,1000,20,1,0.9333333333333333,53.70446551365797,0.3287752687777142,0.9333333333333333,53.70446551365797,0.23592275288366668
5,1000,20,1,0.9333333333333333,7.625907970846507,0.0075010239765732735,0.9333333333333333,7.625907970846507,0.007842326910504613
5,1000,20,1,1.0,3.2551108344944515,0.016126759580933275,1.0,3.2551108344944515,0.01669449690920606
5,1000,20,1,1.0,8.024364334818209,0.017209780071040008,1.0,8.024364334818209,0.017067868636375914
5,1000,20,1,1.0,11.944017144169901,0.01811732811599556,1.0,11.944017144169901,0.017301579297911665
5,1000,20,1,0.4666666666666667,0.00493816216498327,0.0033978277128790925,0.5333333333333333,0.00493816216498327,0.0033334418339476275
5,1000,20,1,1.0,13.19085213610081,0.005977985826999441,1.0,13.19085213610081,0.008061971884376939
5,1000,20,1,0.8,0.7785589646174763,0.027125866755377974,0.8,0.7785589646174763,0.025792854242883443
5,1000,20,1,0.9333333333333333,6.3645944743321134,0.07919391248741785,0.9333333333333333,6.3645944743321134,0.08615333909573579
5,990,30,1,0.7,2.9041108824147295,0.20001813286438436,0.7,2.9041108824147295,0.22540251897455849
5,990,30,1,0.9,11.930972064962104,0.4743626898725012,1.0,11.930972064962104,0.4936881023552978
5,990,30,1,0.9,2.7417157136652204,0.378464441845335,0.8,2.7417157136652204,0.37338545828435377
5,990,30,1,1.0,4.880379102910999,0.011938102845993386,1.0,4.880379102910999,0.011704078843798458
5,990,30,1,0.9,1.6448787608653628,0.041102015908299996,0.9,1.6448787608653628,0.04473043848868326
5,990,30,1,1.0,8.564800650445731,0.6983450303713593,1.0,8.564800650445731,0.5547147006251332
5,990,30,1,1.0,6.158892376171515,0.028469804860792564,1.0,6.158892376171515,0.023639532682762636
5,990,30,1,0.9,4.2478412788030555,0.044972479064363836,0.9,4.2478412788030555,0.045125791756272855
5,990,30,1,0.9,2.4282996437631224,0.2493250105040142,0.8,2.4282996437631224,0.2573693652460185
5,990,30,1,0.9,14.271467389473765,0.2889689956985753,0.9,14.271467389473765,0.29888605390928796
5,990,30,1,0.9,0.5580095969513305,0.049373640866074125,0.9,0.5580095969513305,0.03874943896000015
5,990,30,1,0.8,10.84811393979415,0.8924669573315462,0.7,10.84811393979415,0.9438151091020911
5,990,30,1,0.9,0.6890047023419363,0.024433211341414532,0.9,0.6890047023419363,0.025037361777876264
5,990,30,1,1.0,2.7799109085307263,0.04938710169276803,1.0,2.7799109085307263,0.05060396574859981
5,990,30,1,0.8,4.716540178673173,0.6587676448995557,0.8,4.716540178673173,0.6647456535553411
5,990,30,1,0.6,0.5246020784833678,0.024301580201161833,0.6,0.5246020784833678,0.022862021746312244
5,990,30,1,1.0,1.5047506842880856,0.011934477498118648,1.0,1.5047506842880856,0.01238626361331915
5,990,30,1,1.0,1.3043848161940352,0.006603881450463531,1.0,1.3043848161940352,0.006317567064480856
5,990,30,1,0.8,1.4411806487339194,0.018671657006037835,0.8,1.4411806487339194,0.01857074092376296
5,990,30,1,1.0,2.896225595106031,0.024161997901850883,1.0,2.896225595106031,0.023734845980961504
5,1000,40,1,1.0,12.346586008464495,0.03173364029365503,1.0,12.346586008464495,0.0335520620769683
5,1000,40,1,1.0,21.58497419939673,0.07301655532724727,1.0,21.58497419939673,0.06523285023152618
5,1000,40,1,0.8571428571428571,2.792576360080205,0.3622753996752501,0.8571428571428571,2.792576360080205,0.37045431105268517
5,1000,40,1,1.0,17.973593673405567,0.007728005276439102,1.0,17.973593673405567,0.006110325848817376
5,1000,40,1,0.8571428571428571,1.2328454537806468,0.12185790538975184,0.8571428571428571,1.2328454537806468,0.11743930440719048
5,1000,40,1,1.0,17.50648284541286,0.11915100588040292,1.0,17.50648284541286,0.13301131279762496
5,1000,40,1,1.0,5.171321174577317,0.04775920598340076,1.0,5.171321174577317,0.04363654303611049
5,1000,40,1,0.7142857142857143,0.7705850002039382,0.006748479298050493,0.7142857142857143,0.7705850002039382,0.0067843884821622335
5,1000,40,1,1.0,3.688109902937406,0.010322820096043041,1.0,3.688109902937406,0.010951660256416158
5,1000,40,1,1.0,0.3411292565778418,0.02579455155085673,1.0,0.3411292565778418,0.025659529497036277
5,1000,40,1,0.8571428571428571,52.87995713146006,30.336798409128388,0.8571428571428571,52.87995713146006,27.683464117016822
5,1000,40,1,1.0,11.615770173574559,0.0047066360239944385,1.0,11.615770173574559,0.005250016624628391
5,1000,40,1,0.8571428571428571,9.886720846161456,0.0012023671330624057,0.8571428571428571,9.886720846161456,0.0008842292243517269
5,1000,40,1,1.0,25.37952627319428,1.443514940837181,0.8571428571428571,25.37952627319428,1.066454868649261
5,1000,40,1,1.0,9.290250940465878,0.16641273321164066,1.0,9.290250940465878,0.17387907132789612
5,1000,40,1,1.0,16.357775959367267,0.02504775451889438,1.0,16.357775959367267,0.02503034510918121
5,1000,40,1,0.7142857142857143,0.08283081637108411,0.004141733075903308,0.7142857142857143,0.08283081637108411,0.0031985085045440546
5,1000,40,1,0.7142857142857143,0.0032534856839385134,0.0006290097176235859,0.8571428571428571,0.0032534856839385134,0.00046299728014973185
5,1000,40,1,0.7142857142857143,11.511119109126478,3.4916662226821757,0.8571428571428571,11.511119109126478,3.150231270387091
5,1000,40,1,0.8571428571428571,7.22280318238213,0.09298282141296466,0.8571428571428571,7.22280318238213,0.09089011737017662
5,1000,50,1,1.0,1.4184752204767754,0.0038473526358537426,1.0,1.4184752204767754,0.004089459634148974
5,1000,50,1,0.8333333333333334,9.114540090970177,0.8123539752083047,0.8333333333333334,9.114540090970177,0.70122462772028
5,1000,50,1,1.0,20.977153082872555,0.002942573006873851,1.0,20.977153082872555,0.002881208660997769
5,1000,50,1,1.0,4.963581417561563,0.009510562480587204,1.0,4.963581417561563,0.009804024545155844
5,1000,50,1,1.0,1.0918503408190239,0.008606396899773081,1.0,1.0918503408190239,0.008348643648881495
5,1000,50,1,1.0,2.642505461360484,0.001430498376328921,1.0,2.642505461360484,0.0015137531857233252
5,1000,50,1,1.0,9.355409253052585,0.41105378354046795,1.0,9.355409253052585,0.39249849075665666
5,1000,50,1,1.0,1.037663480358033,0.006320601644670604,1.0,1.037663480358033,0.006692170929911853
5,1000,50,1,0.6666666666666666,0.01809353939817054,0.0025693170618860525,0.6666666666666666,0.01809353939817054,0.0028280734878735757
5,1000,50,1,1.0,1.8326297440956563,0.0007712120994024047,1.0,1.8326297440956563,0.0007602771687583646
5,1000,50,1,1.0,3.367563504600922,0.0008731540343895841,1.0,3.367563504600922,0.0008832040060472003
5,1000,50,1,1.0,1.5184546787523994,0.010338530790726745,1.0,1.5184546787523994,0.010547671889173079
5,1000,50,1,1.0,2.2994537783184543,0.0022342053970383197,1.0,2.2994537783184543,0.0024709561858444226
5,1000,50,1,1.0,8.497969498776364,0.05621972017300724,1.0,8.497969498776364,0.056274709613122614
5,1000,50,1,0.8333333333333334,25.551217923439765,3.8035197783205885,0.8333333333333334,25.551217923439765,3.5000861230743077
5,1000,50,1,0.8333333333333334,4.06944717057218,0.20980589025735677,0.8333333333333334,4.06944717057218,0.21494573895183736
5,1000,50,1,1.0,6.70384854469119,0.048686305656128546,1.0,6.70384854469119,0.05289975357878471
5,1000,50,1,1.0,10.309399728549858,0.01402596112896975,1.0,10.309399728549858,0.012024349725239062
5,1000,50,1,1.0,5.802054395441648,0.022552369324287197,1.0,5.802054395441648,0.024577012789062144
5,1000,50,1,0.8333333333333334,0.545761542665215,0.004286778225137534,0.8333333333333334,0.545761542665215,0.00443144310012067
5,960,60,1,1.0,7.698810415211173,0.017606532674355208,1.0,7.698810415211173,0.012436434672093634
5,960,60,1,1.0,0.4103401657423834,0.013965928591779688,1.0,0.4103401657423834,0.015497799677611066
5,960,60,1,1.0,4.118540261321494,0.04890386419697444,1.0,4.118540261321494,0.04830768162174784
5,960,60,1,1.0,4.233127141032516,0.01208197884463318,1.0,4.233127141032516,0.0152056662423072
5,960,60,1,1.0,3.765687768481148,0.0035706607163357093,1.0,3.765687768481148,0.004012427806549807
5,960,60,1,1.0,2.528811857044783,0.0004949816520521728,1.0,2.528811857044783,0.0005874130687149859
5,960,60,1,1.0,0.6724322140787181,0.003891771633747523,1.0,0.6724322140787181,0.0033045382838027735
5,960,60,1,1.0,0.39907420886897016,0.0014921250565360024,1.0,0.39907420886897016,0.0015268517269666968
5,960,60,1,1.0,15.000881120556667,0.029984887286761353,1.0,15.000881120556667,0.026043264118187193
5,960,60,1,0.8,5.567372731712571,0.007062500793076676,0.8,5.567372731712571,0.006329157246202496
5,960,60,1,1.0,0.7085186119639444,0.003441598281354577,1.0,0.7085186119639444,0.0036211841083788943
5,960,60,1,0.6,1.2430769775244095,0.008607119431247253,0.6,1.2430769775244095,0.008376376690505047
5,960,60,1,1.0,4.84870451712234,0.001165002686336003,1.0,4.84870451712234,0.0012177503290490281
5,960,60,1,1.0,30.16492194708706,2.8654570737553944,1.0,30.16492194708706,2.277518932646524
5,960,60,1,1.0,3.7567321351470695,0.03388985943582915,1.0,3.7567321351470695,0.03571096220411893
5,960,60,1,0.8,0.292321304185117,0.02475894325934423,0.8,0.292321304185117,0.024639468484081196
5,960,60,1,1.0,1.2617314569207791,0.014716935241471694,1.0,1.2617314569207791,0.012436273978611592
5,960,60,1,1.0,4.823852915182947,0.025315767409632827,1.0,4.823852915182947,0.022381338142842037
5,960,60,1,1.0,5.1102450654222,0.03011358554782622,1.0,5.1102450654222,0.028495138409970838
5,960,60,1,0.8,0.29263795734146425,0.03118934189259866,1.0,0.29263795734146425,0.028536181946783774
5,980,70,1,1.0,11.985718044800375,0.004872398044988059,1.0,11.985718044800375,0.00439837795119371
5,980,70,1,1.0,0.40121596040352003,0.00047617426603691374,1.0,0.40121596040352003,0.00040279297265626826
5,980,70,1,0.75,0.31682113092275566,0.004348945232501774,0.75,0.31682113092275566,0.005327766029841929
5,980,70,1,1.0,8.69852531288777,0.0010926109586976594,1.0,8.69852531288777,0.0009315477758141649
5,980,70,1,0.75,4.285182278316555,0.2602568231471437,0.75,4.285182278316555,0.2294379361785236
5,980,70,1,1.0,6.86231623655236,0.012104360789070411,1.0,6.86231623655236,0.011214239840641486
5,980,70,1,1.0,7.649542524580763,0.15591226002522984,1.0,7.649542524580763,0.15720193611059202
5,980,70,1,0.75,0.2073139890416227,0.01033375236090157,0.75,0.2073139890416227,0.0103930140545809
5,980,70,1,1.0,9.97378367202758,0.16700817128145493,1.0,9.97378367202758,0.1407788955705467
5,980,70,1,1.0,7.431139987911729,0.37524559761636295,1.0,7.431139987911729,0.356137779508545
5,980,70,1,1.0,0.8630214307756587,0.0033553781945641604,1.0,0.8630214307756587,0.002078673421123132
5,980,70,1,1.0,5.179828960726803,0.1161474286241543,1.0,5.179828960726803,0.11719261215094723
5,980,70,1,0.75,2.625920308094293,0.07662819705592772,0.75,2.625920308094293,0.10259171780139187
5,980,70,1,0.75,0.17699997225250919,0.05564807028613053,0.75,0.17699997225250919,0.05650756690627404
5,980,70,1,1.0,11.82089803328627,0.008798263066793313,1.0,11.82089803328627,0.007042866433405835
5,980,70,1,1.0,0.12491205842513899,0.008230851537742128,1.0,0.12491205842513899,0.007584492435224676
5,980,70,1,0.75,0.7814127529454659,0.04450405190388161,0.75,0.7814127529454659,0.04807971380392883
5,980,70,1,0.75,1.30190165281518,0.014767315747651538,1.0,1.30190165281518,0.009706204716790272
5,980,70,1,1.0,3.2390182382865373,0.005893739490678597,1.0,3.2390182382865373,0.006320544550564598
5,980,70,1,1.0,6.101572020140784,0.009888227730124563,1.0,6.101572020140784,0.006992848046639148
5,960,80,1,0.75,0.031125516676834344,0.004762631806777404,0.75,0.031125516676834344,0.005579241006274426
5,960,80,1,0.75,0.19697587392997107,0.009855120301886816,0.75,0.19697587392997107,0.010208434940187696
5,960,80,1,1.0,0.40602754343894143,0.001450118181115737,1.0,0.40602754343894143,0.0011489399738175935
5,960,80,1,1.0,1.956333621113587,0.004323342196205055,1.0,1.956333621113587,0.0039202266146786385
5,960,80,1,0.75,0.8944206779132943,0.01725994708873291,0.75,0.8944206779132943,0.019693383855230104
5,960,80,1,1.0,0.45654933783783797,0.036573150646247415,1.0,0.45654933783783797,0.031628966481687386
5,960,80,1,1.0,12.233704701215554,0.07537393477010251,1.0,12.233704701215554,0.06988434349338632
5,960,80,1,1.0,3.6363026367763447,0.0523531254693431,1.0,3.6363026367763447,0.045870510933362
5,960,80,1,1.0,15.388519669148536,0.05180114814160512,1.0,15.388519669148536,0.0557440238519148
5,960,80,1,1.0,1.4066154479259614,0.010210573184669471,1.0,1.4066154479259614,0.009636472032171597
5,960,80,1,1.0,15.387739702608474,0.00024711044020577476,1.0,15.387739702608474,0.00015776903408013215
5,960,80,1,1.0,4.926609071592301,0.001989070403524699,1.0,4.926609071592301,0.002473381037979408
5,960,80,1,1.0,1.2405510524850918,0.011150906686695432,1.0,1.2405510524850918,0.008253805119116248
5,960,80,1,1.0,2.6567948355459396,0.0019495477980679809,1.0,2.6567948355459396,0.001769696649868131
5,960,80,1,1.0,1.017658953945028,0.021056200469822407,1.0,1.017658953945028,0.01909977095262151
5,960,80,1,1.0,1.433655195380058,0.12075311956135117,1.0,1.433655195380058,0.08842282971297605
5,960,80,1,1.0,26.456269486325297,1.6631336294707284,1.0,26.456269486325297,1.475812378358134
5,960,80,1,0.5,15.316637307823353,4.048461054409892,0.5,15.316637307823353,3.3648141723066893
5,960,80,1,1.0,2.681509722406725,0.047942035906422036,1.0,2.681509722406725,0.046907854592075436
5,960,80,1,1.0,2.359318211421205,0.001364984367657881,1.0,2.359318211421205,0.0013261031576406047
5,990,90,1,1.0,2.198011609677759,0.003272908590868869,1.0,2.198011609677759,0.005867352601457962
5,990,90,1,1.0,0.1916044204845602,0.015508015771540344,1.0,0.1916044204845602,0.015052347189803403
5,990,90,1,0.6666666666666666,8.767405114196263,0.01517155546024667,0.6666666666666666,8.767405114196263,0.012383226546325404
5,990,90,1,0.6666666666666666,5.71804392636231,0.5410450331028173,0.6666666666666666,5.71804392636231,0.34642255338795586
5,990,90,1,1.0,7.291394267755447,0.0001624881202473702,1.0,7.291394267755447,0.00017579987645021744
5,990,90,1,1.0,1.7498714527832957,0.002880796220846648,1.0,1.7498714527832957,0.0021371070147054995
5,990,90,1,0.6666666666666666,0.6744468770074076,0.2870501157679897,0.6666666666666666,0.6744468770074076,0.2722948621962365
5,990,90,1,1.0,4.620039789851748,0.04050312846721169,1.0,4.620039789851748,0.03898231892363723
5,990,90,1,1.0,15.68842440928877,0.0030845129339038095,1.0,15.68842440928877,0.0025855993239505795
5,990,90,1,0.6666666666666666,1.0048874083494168,0.09705836257581253,0.6666666666666666,1.0048874083494168,0.08805845308174186
5,990,90,1,1.0,0.02307949413551709,0.0007314910961292248,1.0,0.02307949413551709,0.000790681163446726
5,990,90,1,1.0,0.40781682661349655,0.007704127305549635,1.0,0.40781682661349655,0.007950553131660454
5,990,90,1,1.0,1.1596774207004723,0.007985819834555518,1.0,1.1596774207004723,0.007600705359040683
5,990,90,1,1.0,0.7520948836512257,0.034211382758592965,1.0,0.7520948836512257,0.03268070747370101
5,990,90,1,0.6666666666666666,0.0025913867172908307,0.0013751217333516997,0.6666666666666666,0.0025913867172908307,0.0015733739629840706
5,990,90,1,0.6666666666666666,1.716607807929801,0.11042886815011704,0.6666666666666666,1.716607807929801,0.08963639092141451
5,990,90,1,1.0,0.542097969007747,0.006520452536089599,1.0,0.542097969007747,0.006785054966831847
5,990,90,1,0.3333333333333333,1.953577574663215,4.529804341032692,0.3333333333333333,1.953577574663215,4.941905735509156
5,990,90,1,1.0,24.420372084403663,0.06191609909632276,1.0,24.420372084403663,0.0522870131534566
5,990,90,1,1.0,1.2611640341499102,0.004378802015603762,1.0,1.2611640341499102,0.004407899512392537
5,1000,100,1,0.6666666666666666,0.08325040673726893,0.011952199621343912,0.6666666666666666,0.08325040673726893,0.008596894204005811
5,1000,100,1,1.0,4.600160121254837,0.0006377970361121309,1.0,4.600160121254837,0.0007240744793038345
5,1000,100,1,0.6666666666666666,0.12995298897086074,0.005241806639137626,0.6666666666666666,0.12995298897086074,0.005246470901504349
5,1000,100,1,1.0,0.35993200400965647,0.0518817924853519,1.0,0.35993200400965647,0.04518432199415722
5,1000,100,1,1.0,0.5003236034994706,0.0116080888162976,1.0,0.5003236034994706,0.012141146012666873
5,1000,100,1,0.3333333333333333,0.006557340372034328,0.013877149191039962,0.3333333333333333,0.006557340372034328,0.012644520061972697
5,1000,100,1,1.0,0.8722014041082851,0.06513289980114982,1.0,0.8722014041082851,0.051256070213915615
5,1000,100,1,1.0,17.028200711736236,0.0016830133366270694,1.0,17.028200711736236,0.001787888428555503
5,1000,100,1,1.0,6.511382606304893,0.0016714578145931192,1.0,6.511382606304893,0.0013661708209015046
5,1000,100,1,0.6666666666666666,13.696951881581711,0.00215507939346144,0.6666666666666666,13.696951881581711,0.00205500206766485
5,1000,100,1,1.0,3.9686529978365392,0.13835244218110773,1.0,3.9686529978365392,0.10283517710952317
5,1000,100,1,1.0,0.05800126360282689,0.00033711510223221247,1.0,0.05800126360282689,0.000513764340291981
5,1000,100,1,1.0,0.08953362007593546,0.001905416180912,1.0,0.08953362007593546,0.0019827499801588285
5,1000,100,1,0.6666666666666666,0.12671190181012232,0.005666772280560415,0.6666666666666666,0.12671190181012232,0.005439014516991102
5,1000,100,1,1.0,1.701225632548024,0.047817037319848266,1.0,1.701225632548024,0.0452897169540937
5,1000,100,1,0.6666666666666666,0.042343671264403644,0.0030220231355129862,0.6666666666666666,0.042343671264403644,0.0030186504206128353
5,1000,100,1,1.0,0.5348564986318575,0.003449335687750339,1.0,0.5348564986318575,0.003540648066950453
5,1000,100,1,0.6666666666666666,1.8126340062630397,0.015663320179281213,0.6666666666666666,1.8126340062630397,0.015740070708678753
5,1000,100,1,1.0,3.8030888065359663,0.17200557171358954,1.0,3.8030888065359663,0.13976954242900255
5,1000,100,1,0.6666666666666666,0.38736354274867396,0.05519094697629351,1.0,0.38736354274867396,0.043778690346445104
5,990,110,1,1.0,3.6998981037687724,0.017462537162193197,1.0,3.6998981037687724,0.018775647569406285
5,990,110,1,1.0,23.687977615997983,0.05208409921887003,1.0,23.687977615997983,0.04841791212510199
5,990,110,1,0.6666666666666666,0.8453219316102913,0.6814786673929065,0.3333333333333333,0.8453219316102913,0.8916765977767521
5,990,110,1,1.0,0.6851697594058143,0.0015860105434238024,1.0,0.6851697594058143,0.0011570750620489847
5,990,110,1,1.0,13.345430725060062,0.40131508276810907,1.0,13.345430725060062,0.3013122195522981
5,990,110,1,1.0,9.136367441640923,0.6337646896500416,1.0,9.136367441640923,0.5467620209799731
5,990,110,1,1.0,3.9552367519488922,0.5101266079541248,1.0,3.9552367519488922,0.4522862763819993
5,990,110,1,1.0,2.417786234383668,0.0021017553942371545,1.0,2.417786234383668,0.0020353977626504432
5,990,110,1,1.0,7.0846237524151165,0.0013226803442868073,1.0,7.0846237524151165,0.0013960972301900717
5,990,110,1,1.0,10.167791523406999,0.006827627469540965,1.0,10.167791523406999,0.006313768832131487
5,990,110,1,1.0,12.080865326597007,2.4881196159482086,0.6666666666666666,12.080865326597007,1.8950868641894016
5,990,110,1,0.6666666666666666,6.847897070496731,0.0057334390715829105,0.6666666666666666,6.847897070496731,0.007268819641804551
5,990,110,1,1.0,0.07540679281189623,0.006069446103537149,1.0,0.07540679281189623,0.006688422245983781
5,990,110,1,0.6666666666666666,0.1272889300471146,0.003322967321242343,0.6666666666666666,0.1272889300471146,0.0034826386140404627
5,990,110,1,0.6666666666666666,0.3441326421190741,0.02123791988807244,0.3333333333333333,0.3441326421190741,0.025808310910934603
5,990,110,1,0.6666666666666666,5.858916061584164,0.6337339802524913,0.6666666666666666,5.858916061584164,0.5827619881049072
5,990,110,1,1.0,2.4497124636516587,0.06774520386490403,1.0,2.4497124636516587,0.0530502915733291
5,990,110,1,1.0,0.19559539947290996,0.00047925677369073063,1.0,0.19559539947290996,0.00022160412127422585
5,990,110,1,1.0,0.9909032989055495,0.001352338064621171,1.0,0.9909032989055495,0.001228177021685253
5,990,110,1,1.0,0.5279497798387325,0.010122165806139994,1.0,0.5279497798387325,0.009287880903352731
5,960,120,1,1.0,0.4894521846951395,0.002293698138989599,1.0,0.4894521846951395,0.0021275422440387285
5,960,120,1,1.0,1.1364218974858649,0.0004262364347400975,1.0,1.1364218974858649,0.0007751721800706614
5,960,120,1,1.0,0.20626001065993235,0.0034706499238193653,1.0,0.20626001065993235,0.00385402289789305
5,960,120,1,1.0,14.493871907238105,0.000336021833593559,1.0,14.493871907238105,0.0003878234633888998
5,960,120,1,0.5,8.487909002918572,0.036924911426647854,0.5,8.487909002918572,0.04621173030781992
5,960,120,1,1.0,1.1217080909750017,0.013232118028046892,1.0,1.1217080909750017,0.025716224657119226
5,960,120,1,1.0,0.714425068923946,0.05800378454419173,1.0,0.714425068923946,0.04274115515956271
5,960,120,1,0.5,0.008308037678319464,0.04110871412958638,0.5,0.008308037678319464,0.04649394280730924
5,960,120,1,1.0,0.5813166914748079,0.0015965563528067975,1.0,0.5813166914748079,0.0010193404387886808
5,960,120,1,1.0,5.4583126705109075,0.06735530368723712,1.0,5.4583126705109075,0.06526626483971229
5,960,120,1,1.0,0.43736912555440316,0.01982691898544981,1.0,0.43736912555440316,0.01939899120120566
5,960,120,1,1.0,0.44837187475204654,0.007843332765606292,1.0,0.44837187475204654,0.009849447034817174
5,960,120,1,1.0,24.761219957887967,2.1193074799106144,1.0,24.761219957887967,1.8901734553123375
5,960,120,1,1.0,1.8222762133596806,7.507646353993233e-05,1.0,1.8222762133596806,6.0866968209485564e-05
5,960,120,1,1.0,1.9062097994360077,0.010127882457832499,1.0,1.9062097994360077,0.0094146380668287
5,960,120,1,1.0,0.49190464338541195,0.002789187035941556,1.0,0.49190464338541195,0.002951213221597764
5,960,120,1,1.0,8.975652027330213,0.05695967931670764,1.0,8.975652027330213,0.05106132578669128
5,960,120,1,1.0,0.3058691259585719,0.0014948419017348418,1.0,0.3058691259585719,0.001647617966919266
5,960,120,1,1.0,0.20767593167340198,0.00048488907340686144,1.0,0.20767593167340198,0.0005227984803909571
5,960,120,1,1.0,0.6380974211121642,0.0026372369869526796,1.0,0.6380974211121642,0.0028643030435373824
5,910,130,1,1.0,3.9156236901465165,0.001115828547197705,1.0,3.9156236901465165,0.0012286605771832267
5,910,130,1,1.0,0.23480389038667332,0.0006403696916876707,1.0,0.23480389038667332,0.0005233590593971835
5,910,130,1,1.0,2.8400273223121224,0.0008599215855545209,1.0,2.8400273223121224,0.0006921559836630995
5,910,130,1,1.0,13.522539605369156,0.004047727157490341,1.0,13.522539605369156,0.004279700366247725
5,910,130,1,1.0,1.0143531765888867,0.00041371251770337724,1.0,1.0143531765888867,0.00034075933799914516
5,910,130,1,1.0,0.08586302463041838,0.0010690248511256808,1.0,0.08586302463041838,0.0008022932287840278
5,910,130,1,1.0,2.2796555336795863,0.0009324638818335381,1.0,2.2796555336795863,0.0009579841322719974
5,910,130,1,1.0,0.23485130482802127,0.05905957429547136,1.0,0.23485130482802127,0.0735308443333363
5,910,130,1,1.0,1.4941260195437898,0.06368741852586587,1.0,1.4941260195437898,0.045830234775863975
5,910,130,1,1.0,0.5380731926989398,0.00989771098013522,1.0,0.5380731926989398,0.008394997853124468
5,910,130,1,1.0,1.0557943675863588,0.16744309371357263,1.0,1.0557943675863588,0.2149524542681284
5,910,130,1,1.0,0.09326280768757592,0.0034752223856795396,1.0,0.09326280768757592,0.004120397754615101
5,910,130,1,0.5,0.2745981676424763,0.2048068934825,0.5,0.2745981676424763,0.1671013453249927
5,910,130,1,1.0,3.461529410729992,0.04429391269573067,1.0,3.461529410729992,0.059552497702793215
5,910,130,1,1.0,3.3958984465681263,0.002495526902848093,1.0,3.3958984465681263,0.0027991868954232225
5,910,130,1,1.0,7.701975412898127,0.011665902922553918,1.0,7.701975412898127,0.009877533032612974
5,910,130,1,1.0,2.6544080369584493,0.006277034218162128,1.0,2.6544080369584493,0.006971629441504886
5,910,130,1,0.5,0.9287540490012279,0.09873690330475854,1.0,0.9287540490012279,0.06972538437516915
5,910,130,1,1.0,5.149742622005443,0.0029785879419428354,1.0,5.149742622005443,0.007162465329004611
5,910,130,1,1.0,0.4782842202274796,0.0025693506764128873,1.0,0.4782842202274796,0.00195375928156137
5,980,140,1,1.0,0.21854624974828143,0.00046762353168328607,1.0,0.21854624974828143,0.0004992120153009988
5,980,140,1,1.0,12.83121649141305,0.02263074549282727,1.0,12.83121649141305,0.02493581047725571
5,980,140,1,1.0,0.13040080752062078,0.0013068009782664625,1.0,0.13040080752062078,0.0016340837913462855
5,980,140,1,1.0,0.2573871409196467,0.005338128136260032,1.0,0.2573871409196467,0.005094916012718714
5,980,140,1,0.5,0.0005304108475644503,0.0003684735447455229,0.5,0.0005304108475644503,0.0003066926469658993
5,980,140,1,1.0,2.001681445347692,0.00015912690291819057,1.0,2.001681445347692,0.0001324706316731889
5,980,140,1,1.0,9.66534729778123,0.5390262300080356,1.0,9.66534729778123,0.37744456703718104
5,980,140,1,1.0,14.412638536774953,0.1294135733733817,1.0,14.412638536774953,0.11102294026961403
5,980,140,1,1.0,12.934302274968845,0.014223260277827686,1.0,12.934302274968845,0.014024933210019262
5,980,140,1,1.0,6.631246247398879,0.006003105444627387,1.0,6.631246247398879,0.0053408738096551115
5,980,140,1,1.0,0.4978117374313408,0.001639343734823007,1.0,0.4978117374313408,0.0026864971365066744
5,980,140,1,1.0,5.635981956766972,0.0013555388103264126,1.0,5.635981956766972,0.0005385631055880868
5,980,140,1,1.0,0.11044794843180303,0.0229445037657696,0.5,0.11044794843180303,0.021436326588601517
5,980,140,1,1.0,1.3308224320941109,0.0866739176066639,1.0,1.3308224320941109,0.11508619550171803
5,980,140,1,1.0,3.6921878995003983,0.0009182202011359045,1.0,3.6921878995003983,0.0007558206510348024
5,980,140,1,1.0,4.783793113238617,0.0035286750029945983,1.0,4.783793113238617,0.004811211931924325
5,980,140,1,1.0,0.025020989952709558,0.0008953571716042141,1.0,0.025020989952709558,0.0007598784925891684
5,980,140,1,1.0,4.863496914677812,0.19256920321845078,1.0,4.863496914677812,0.16596289313008591
5,980,140,1,1.0,0.1694201103313041,0.0017124715173869735,1.0,0.1694201103313041,0.002177957664954308
5,980,140,1,1.0,11.758281654017882,0.003937255113160163,1.0,11.758281654017882,0.012399656430846059
5,900,150,1,1.0,0.062293314907982476,0.0041070459115572985,1.0,0.062293314907982476,0.004778701668507676
5,900,150,1,0.5,7.114119255152507e-05,0.00024093822659236326,0.5,7.114119255152507e-05,0.00019285465234687553
5,900,150,1,1.0,0.27173418369185565,0.00023456134672818535,1.0,0.27173418369185565,0.0002755620727079265
5,900,150,1,1.0,3.451498153775553,0.0004766709535441052,1.0,3.451498153775553,0.0005058864134684732
5,900,150,1,1.0,0.10909347539991407,0.004253138388627749,1.0,0.10909347539991407,0.003825990069935299
5,900,150,1,1.0,0.2662474906194851,0.000846576923149327,1.0,0.2662474906194851,0.0009162442092932655
5,900,150,1,1.0,1.1616494683876302,0.08323212382435066,1.0,1.1616494683876302,0.06992028654300181
5,900,150,1,1.0,2.2280139947476627,0.00043559802218637485,1.0,2.2280139947476627,0.00034694649599895295
5,900,150,1,1.0,0.6850668033130203,0.010797828387654276,1.0,0.6850668033130203,0.014502438949675098
5,900,150,1,1.0,6.586235040078852,0.0008111892440321217,1.0,6.586235040078852,0.00039932936179735425
5,900,150,1,0.5,0.3947701363046294,0.13714355375136128,0.5,0.3947701363046294,0.16279487803865084
5,900,150,1,0.5,2.287847082193793,0.098049324629226,0.5,2.287847082193793,0.10049768217081097
5,900,150,1,1.0,0.02125504219645254,0.00024741224689505374,1.0,0.02125504219645254,0.00027534792682154
5,900,150,1,1.0,0.4236646156696069,0.00028385466072235817,1.0,0.4236646156696069,0.000260912239024055
5,900,150,1,1.0,0.07317923875550088,0.009901119581960703,1.0,0.07317923875550088,0.010395827363717367
5,900,150,1,1.0,4.5713806413954785,0.0008051963284996092,1.0,4.5713806413954785,0.0009440726272652128
5,900,150,1,1.0,0.2394575338808012,0.007545636436891118,1.0,0.2394575338808012,0.007571803541600021
5,900,150,1,1.0,2.864746305450067,0.2932431379232606,1.0,2.864746305450067,0.38081724479279916
5,900,150,1,1.0,0.2803847281264978,0.002675814474607908,1.0,0.2803847281264978,0.002730168798170336
5,900,150,1,1.0,0.12652284928306531,0.018495542914980095,1.0,0.12652284928306531,0.01590394038137714
5,960,160,1,1.0,3.333067340751817,0.0005369605980098185,1.0,3.333067340751817,0.00021473453985307021
5,960,160,1,1.0,0.6539892053493354,0.0001476863264986158,1.0,0.6539892053493354,0.0001272069317891319
5,960,160,1,1.0,12.146803480298512,0.17199384423032105,1.0,12.146803480298512,0.1722793064822147
5,960,160,1,1.0,20.645249593161353,3.6043884900935614,1.0,20.645249593161353,2.5996333985249747
5,960,160,1,1.0,1.2288851149299118,0.0015240675993504025,1.0,1.2288851149299118,0.0014468378832313822
5,960,160,1,1.0,0.07357829702403536,0.005314571395150566,1.0,0.07357829702403536,0.004579575273153788
5,960,160,1,1.0,0.23270898572187018,0.004900716676424808,1.0,0.23270898572187018,0.0041837457051754215
5,960,160,1,1.0,6.816061175831109,0.011843632007545131,1.0,6.816061175831109,0.018941762764246556
5,960,160,1,1.0,0.10683065030180859,0.005893734028624773,1.0,0.10683065030180859,0.004409985946760733
5,960,160,1,1.0,2.628692145112093,0.00017226440998278548,1.0,2.628692145112093,0.00020620244747522067
5,960,160,1,1.0,7.8404806351980145,0.0016943978936837612,1.0,7.8404806351980145,0.0018472389404143013
5,960,160,1,1.0,0.45703675162085994,0.018315819600001764,1.0,0.45703675162085994,0.01857061627386435
5,960,160,1,1.0,2.3835036934751006,0.0022183744857449863,1.0,2.3835036934751006,0.001338890600189195
5,960,160,1,1.0,0.8810141166490162,0.1029481293173488,1.0,0.8810141166490162,0.10712767286515071
5,960,160,1,1.0,0.4028508318121411,9.081825472004334e-05,1.0,0.4028508318121411,0.0001772065192882583
5,960,160,1,1.0,0.2953310613065493,0.005065927200753615,1.0,0.2953310613065493,0.004963727626728427
5,960,160,1,1.0,113.51713622866482,56.30244719607223,1.0,113.51713622866482,34.28269986491797
5,960,160,1,1.0,30.8594775685973,13.876180034752466,1.0,30.8594775685973,9.503260519611622
5,960,160,1,1.0,0.20233340417611834,0.00042286141745495425,1.0,0.20233340417611834,0.00038578308373316494
5,960,160,1,0.5,0.004080593965480413,0.011660759784466082,0.5,0.004080593965480413,0.011282428764448165
5,850,170,1,1.0,0.20078634334891982,0.05276713769652354,1.0,0.20078634334891982,0.054683849310946754
5,850,170,1,1.0,0.2434829525163962,0.0018184410307417207,1.0,0.2434829525163962,0.0022368970795294133
5,850,170,1,0.0,0.00046129327703567553,0.0006932693718824417,0.0,0.00046129327703567553,0.0007477101611016852
5,850,170,1,1.0,0.3484968590949821,0.039528105599965724,1.0,0.3484968590949821,0.05083274150982419
5,850,170,1,1.0,0.19401743512731914,0.004598681781184817,1.0,0.19401743512731914,0.004270863881740945
5,850,170,1,1.0,0.023034494394720658,0.0018547905009389891,1.0,0.023034494394720658,0.0018921319034718664
5,850,170,1,1.0,0.05164520657460815,0.030488992412201404,1.0,0.05164520657460815,0.03379630347498105
5,850,170,1,1.0,2.5183101864421285,0.006485197440853508,1.0,2.5183101864421285,0.007206129428314676
5,850,170,1,1.0,0.3967041463079847,0.0002680480712373952,1.0,0.3967041463079847,4.388803839188589e-05
5,850,170,1,1.0,0.006088902643453122,0.00016418424001385203,1.0,0.006088902643453122,4.507235954382285e-05
5,850,170,1,1.0,6.801043807087782,0.008208851966146758,1.0,6.801043807087782,0.002797936422207398
5,850,170,1,1.0,0.10652588366238876,0.0008396951974109459,1.0,0.10652588366238876,0.0008493856163673298
5,850,170,1,1.0,0.12956596623729197,0.010472982311018265,1.0,0.12956596623729197,0.012588164952621201
5,850,170,1,1.0,0.13770191230382067,0.0021921322100437735,1.0,0.13770191230382067,0.0017091084053362778
5,850,170,1,1.0,7.819821540116439,0.01581371702400735,1.0,7.819821540116439,0.014401883635061
5,850,170,1,1.0,0.034928530310419946,0.004581624990546183,1.0,0.034928530310419946,0.0011265566694772878
5,850,170,1,1.0,15.562646194352487,0.17426113318785647,1.0,15.562646194352487,0.14572167041647804
5,850,170,1,1.0,1.0516427555958359,0.0015465588692591377,1.0,1.0516427555958359,0.0011893278397940442
5,850,170,1,1.0,1.4475346111363494,0.00546720208742053,1.0,1.4475346111363494,0.0063477553439335995
5,850,170,1,1.0,0.08064523085967008,6.413634876350195e-05,1.0,0.08064523085967008,8.581537209064166e-06
5,900,180,1,1.0,4.774873750695325,0.06737445978422742,1.0,4.774873750695325,0.05082248327919076
5,900,180,1,1.0,0.021706977680279356,0.0006223618935576295,1.0,0.021706977680279356,0.000263266967333398
5,900,180,1,1.0,1.979731501797562,0.0008410517319617695,1.0,1.979731501797562,0.0008749132071799747
5,900,180,1,1.0,1.9351099053535141,0.7201303418088049,1.0,1.9351099053535141,0.7805594600916586
5,900,180,1,0.0,0.00041737356718867625,0.0005963227220756969,0.0,0.00041737356718867625,0.000741085818006099
5,900,180,1,1.0,0.3520544379201672,7.231355438677642e-05,1.0,0.3520544379201672,0.00014695719803297584
5,900,180,1,1.0,0.19876530651773452,0.05022610520736395,1.0,0.19876530651773452,0.05104459960799338
5,900,180,1,1.0,1.7389627698524754,0.002816996788777628,1.0,1.7389627698524754,0.0028677856857794604
5,900,180,1,1.0,1.8975752685326424,0.00032198532233744103,1.0,1.8975752685326424,0.00025181503342300066
5,900,180,1,1.0,0.2310653469924956,0.004616449624505306,1.0,0.2310653469924956,0.004880473205001777
5,900,180,1,1.0,0.9313753912699337,0.13102969415005208,1.0,0.9313753912699337,0.20328944243915267
5,900,180,1,1.0,0.24776738238060156,0.004477900519162465,1.0,0.24776738238060156,0.006136949481206838
5,900,180,1,1.0,0.6580494797131472,0.000228175308057375,1.0,0.6580494797131472,0.0001216177338346411
5,900,180,1,1.0,0.3878745041259421,0.00390950043072414,1.0,0.3878745041259421,0.004325843602961009
5,900,180,1,1.0,2.3695275926555905,0.0034408927354099106,1.0,2.3695275926555905,0.0023003968600714734
5,900,180,1,1.0,0.466832007493038,9.66395969934032e-06,1.0,0.466832007493038,7.496882922114919e-07
5,900,180,1,1.0,2.6129637364274307,0.004102245095459234,1.0,2.6129637364274307,0.00404563646401467
5,900,180,1,1.0,6.873112267877433,0.6571962019729891,1.0,6.873112267877433,0.28427060629104045
5,900,180,1,1.0,1.9638707718812176,6.218339292402643e-05,1.0,1.9638707718812176,9.07115495083695e-05
5,900,180,1,1.0,104.21634080291591,2.7504586920491723,1.0,104.21634080291591,1.6819833594868214
5,950,190,1,1.0,0.00906016348574573,0.0004686237582245817,1.0,0.00906016348574573,0.0001513765344079639
5,950,190,1,1.0,0.7498263590751815,0.012607333026948397,1.0,0.7498263590751815,0.012065150657377536
5,950,190,1,1.0,0.04920143440787447,0.016163178148036743,1.0,0.04920143440787447,0.0167014591062957
5,950,190,1,1.0,42.11354841070296,0.18363886052102832,1.0,42.11354841070296,0.17397989468496086
5,950,190,1,1.0,1.188561531107033,0.3942898536970264,1.0,1.188561531107033,0.3260877179044681
5,950,190,1,1.0,0.006970746070468385,0.0016078002572296546,1.0,0.006970746070468385,0.0017796602802524816
5,950,190,1,0.0,0.002969438207915213,0.007260466447074774,0.0,0.002969438207915213,0.008349334285027668
5,950,190,1,1.0,2.5351942896001995,0.001208320347785293,1.0,2.5351942896001995,0.0010564492468968492
5,950,190,1,1.0,3.5264991863628783,0.2526036368706162,1.0,3.5264991863628783,0.26899027926590074
5,950,190,1,1.0,0.19883449009723092,0.020668258605181615,1.0,0.19883449009723092,0.020411385880648593
5,950,190,1,1.0,31.450910278864097,15.525317626796816,1.0,31.450910278864097,14.322228380147214
5,950,190,1,1.0,2.672598176769496,0.007683662291434926,1.0,2.672598176769496,0.007524224925220143
5,950,190,1,1.0,0.11328973899637226,9.990464749379495e-06,1.0,0.11328973899637226,5.294348160645113e-05
5,950,190,1,1.0,1.317466250107282,0.08642272637019734,1.0,1.317466250107282,0.1036755495340691
5,950,190,1,1.0,1.3287361336504915,0.028378140473875296,1.0,1.3287361336504915,0.024911218300505297
5,950,190,1,1.0,0.24225594988453703,0.0020456089388368195,1.0,0.24225594988453703,0.005502758722246431
5,950,190,1,1.0,0.09400240173029355,0.01115664354534637,1.0,0.09400240173029355,0.005933042304881746
5,950,190,1,1.0,1.76755880048707,0.0022936394710996377,1.0,1.76755880048707,0.002689080274929373
5,950,190,1,0.0,0.00025636181659636527,0.013261351484308907,0.0,0.00025636181659636527,0.013441695797749747
5,950,190,1,1.0,0.011955024943380958,0.00028608595097625347,1.0,0.011955024943380958,0.0001105783729864363
5,1000,200,1,1.0,0.10663293740618235,0.009981178314745936,1.0,0.10663293740618235,0.009012402644341834
5,1000,200,1,1.0,0.09447959383286333,0.0006778628043963771,1.0,0.09447959383286333,0.0008237361766553178
5,1000,200,1,1.0,5.107724301771263,0.000732624460096574,1.0,5.107724301771263,0.0007209090188424374
5,1000,200,1,1.0,0.06001139964850078,0.0004275493567330375,1.0,0.06001139964850078,0.0005954771612819372
5,1000,200,1,0.0,0.007329934514402918,0.016093425058885568,0.0,0.007329934514402918,0.01630793336881848
5,1000,200,1,1.0,7.119636176748469,0.042944561297651736,1.0,7.119636176748469,0.028048584220329218
5,1000,200,1,1.0,8.174283921073068,0.0018463454051807842,1.0,8.174283921073068,0.003227603809487363
5,1000,200,1,1.0,0.5377946270656878,0.04963967378122662,1.0,0.5377946270656878,0.04409608339691331
5,1000,200,1,1.0,0.32505285529662037,0.002502756834146633,1.0,0.32505285529662037,0.0022405541382784534
5,1000,200,1,1.0,3.760724316138243,0.00021554156902315355,1.0,3.760724316138243,0.0003282138853418543
5,1000,200,1,1.0,5.663821467838203,0.005370539315725983,1.0,5.663821467838203,0.014151010285876129
5,1000,200,1,1.0,0.04000175172525316,0.005477016397147914,1.0,0.04000175172525316,0.0034038883732962644
5,1000,200,1,0.0,0.2148274312865741,0.9060811726373033,0.0,0.2148274312865741,0.8517694651340513
5,1000,200,1,1.0,20.820477621191444,0.5483674030881411,1.0,20.820477621191444,0.4626315288788146
5,1000,200,1,1.0,13.326093288662284,0.0009920967453122733,1.0,13.326093288662284,0.0012001942892331465
5,1000,200,1,1.0,3.4319967948346384,0.0066365167311725135,1.0,3.4319967948346384,0.008838983636972463
5,1000,200,1,1.0,0.5545955768078878,0.001163726165281161,1.0,0.5545955768078878,0.0012746424413320157
5,1000,200,1,0.0,0.0003260787973075306,0.0006893233064431137,0.0,0.0003260787973075306,0.0006264915599469758
5,1000,200,1,1.0,8.494748286051728,0.0649549751203366,1.0,8.494748286051728,0.03951484094609648
5,1000,200,1,1.0,0.38212553311172914,0.0005667800655844779,1.0,0.38212553311172914,0.0006301869639715775
5,840,210,1,1.0,1.787283877484129,0.39474135772005803,1.0,1.787283877484129,0.362349050076472
5,840,210,1,1.0,0.3147082235307606,0.00010657079111451104,1.0,0.3147082235307606,4.2103099062514105e-05
5,840,210,1,1.0,0.1731645483803812,0.0014448588792030513,1.0,0.1731645483803812,0.0015190833839640937
5,840,210,1,1.0,0.2734455051941595,0.016224589375525008,1.0,0.2734455051941595,0.015570668711863625
5,840,210,1,0.0,0.012079002196837474,0.06965770693356922,0.0,0.012079002196837474,0.06438443253777523
5,840,210,1,1.0,0.7964514892070031,0.0012316227408331881,1.0,0.7964514892070031,0.0010207580901218107
5,840,210,1,1.0,0.821554413913154,0.0032833128634468262,1.0,0.821554413913154,0.0028840637580133475
5,840,210,1,1.0,1.7145006276276882,0.01640906518440798,1.0,1.7145006276276882,0.014992752972486662
5,840,210,1,1.0,0.04926639701279169,0.008216643993737643,1.0,0.04926639701279169,0.006580752154614372
5,840,210,1,1.0,0.0037040992441984073,0.0026658261346376774,1.0,0.0037040992441984073,0.0026471112120772873
5,840,210,1,1.0,0.04152283707068373,0.00024590461448387315,1.0,0.04152283707068373,0.0003513655699649192
5,840,210,1,1.0,103.55997365637607,2.0739658469836373,1.0,103.55997365637607,1.3220918385581233
5,840,210,1,1.0,5.20217647610643,0.0017639143561760636,1.0,5.20217647610643,0.0032034317211485567
5,840,210,1,1.0,0.4616615339519284,0.02142607503804892,1.0,0.4616615339519284,0.018016601992786003
5,840,210,1,1.0,30.40584359432332,0.023759538307276368,1.0,30.40584359432332,0.012699616481864927
5,840,210,1,1.0,14.796151535820877,0.00968256847079016,1.0,14.796151535820877,0.002305717345043141
5,840,210,1,1.0,0.4437010332482187,8.46454180943771e-05,1.0,0.4437010332482187,0.00010181555591333334
5,840,210,1,1.0,9.201932022478728,0.009879416777221994,1.0,9.201932022478728,0.008144829060206098
5,840,210,1,1.0,0.2808566422795262,0.0003750695823100513,1.0,0.2808566422795262,0.0006899766077051883
5,840,210,1,1.0,0.5092769571381046,0.002611628710023693,1.0,0.5092769571381046,0.0026364282347472014
5,880,220,1,1.0,1.5637188210228408,6.0424119051139846e-05,1.0,1.5637188210228408,2.848719628250551e-05
5,880,220,1,1.0,1.4648944886341835,0.0007714462344186529,1.0,1.4648944886341835,0.00013057855987054365
5,880,220,1,1.0,3.4276094459413646,0.00015206826611770415,1.0,3.4276094459413646,0.00014894672435520888
5,880,220,1,1.0,0.04162400047674008,7.57597339222682e-05,1.0,0.04162400047674008,8.290467746142445e-05
5,880,220,1,1.0,0.36454445812410513,0.008128548450198513,1.0,0.36454445812410513,0.009438228880548974
5,880,220,1,1.0,0.2227898074610504,0.03673203136012042,1.0,0.2227898074610504,0.04235418252416972
5,880,220,1,1.0,0.26328788141017073,0.0036641345460265116,1.0,0.26328788141017073,0.003812212983173809
5,880,220,1,1.0,11.605258536935555,1.2053353917240703,1.0,11.605258536935555,0.8207933834079899
5,880,220,1,1.0,1.7789310368369675,0.0020353002926131385,1.0,1.7789310368369675,0.0020650629794813982
5,880,220,1,1.0,0.16494213799076451,0.0044751354723294254,1.0,0.16494213799076451,0.003936151763541564
