n_features,n_samples,obs_per_village,feautre_power,count_accuracy,mse_naive,mse_model
1,100,2,1,0.0,0.01941495671331925,0.01941495671331925
1,100,2,1,0.0,373.8229389016665,373.8229389016665
1,100,2,1,0.0,586.122051827216,586.122051827216
1,100,2,1,0.0,20.0829357556203,20.0829357556203
1,100,2,1,0.0,476.088364703927,476.088364703927
1,100,2,1,0.0,2.7023907534255245,2.7023907534255245
1,100,2,1,0.0,702.7240000936922,702.7240000936922
1,100,2,1,0.0,500.46432146233565,500.46432146233565
1,100,2,1,0.0,478.0852740199093,478.0852740199093
1,100,2,1,0.0,21.524149833274134,21.524149833274134
1,100,2,0.5,0.0,407.97391589456805,407.97391589456805
1,100,2,0.5,0.0,0.013590502212307422,0.013590502212307422
1,100,2,0.5,0.0,0.189749106502322,0.189749106502322
1,100,2,0.5,0.0,9.957750478109762,9.957750478109762
1,100,2,0.5,0.0,759.8814851009612,759.8814851009612
1,100,2,0.5,0.0,20.45002536533485,20.45002536533485
1,100,2,0.5,0.0,553.5392281123923,553.5392281123923
1,100,2,0.5,0.0,13.940211914032965,13.940211914032965
1,100,2,0.5,0.0,557.6860257135392,557.6860257135392
1,100,2,0.5,0.0,34.041678809037265,34.041678809037265
1,100,2,0.25,0.0,19.326425942661963,19.326425942661963
1,100,2,0.25,0.0,0.023276580745172956,0.023276580745172956
1,100,2,0.25,0.0,11.893720928265045,11.893720928265045
1,100,2,0.25,0.0,804.6556949786977,804.6556949786977
1,100,2,0.25,0.0,0.011387104375343158,0.011387104375343158
1,100,2,0.25,0.0,493.5656248818827,493.5656248818827
1,100,2,0.25,0.0,992.769303437544,992.769303437544
1,100,2,0.25,0.0,602.1258840052667,602.1258840052667
1,100,2,0.25,0.0,0.013892087417052192,0.013892087417052192
1,100,2,0.25,0.0,1008.1785657572036,1008.1785657572036
1,100,4,1,0.0,249.51156391751923,249.51156391751923
1,100,4,1,0.0,379.4917360754843,379.4917360754843
1,100,4,1,0.0,2.497040280737645,2.497040280737645
1,100,4,1,0.0,2.5459866009975567,2.5459866009975567
1,100,4,1,0.0,0.011824197800467957,0.011824197800467957
1,100,4,1,0.0,280.6137058611586,280.6137058611586
1,100,4,1,0.0,1.6800194841042668,1.6800194841042668
1,100,4,1,0.0,170.1815417771378,170.1815417771378
1,100,4,1,0.0,167.52777286781438,167.52777286781438
1,100,4,1,0.0,3.234671429030955,3.234671429030955
1,100,4,0.5,0.0,364.61631839784235,364.61631839784235
1,100,4,0.5,0.0,243.2188081732011,243.2188081732011
1,100,4,0.5,0.0,11.854692881875705,11.854692881875705
1,100,4,0.5,0.0,4.169822610023594,4.169822610023594
1,100,4,0.5,0.0,274.4528535673591,274.4528535673591
1,100,4,0.5,0.0,344.5703651926056,344.5703651926056
1,100,4,0.5,0.0,0.006441608903618537,0.006441608903618537
1,100,4,0.5,0.0,0.04661469009055762,0.04661469009055762
1,100,4,0.5,0.0,135.08878907635403,135.08878907635403
1,100,4,0.5,0.0,2.6425497156902646,2.6425497156902646
1,100,4,0.25,0.0,274.93127579643334,274.93127579643334
1,100,4,0.25,0.0,5.489866307438001,5.489866307438001
1,100,4,0.25,0.0,5.111824399299852,5.111824399299852
1,100,4,0.25,0.0,0.004735570553049121,0.004735570553049121
1,100,4,0.25,0.0,48.58239351528393,48.58239351528393
1,100,4,0.25,0.0,319.7373276740724,319.7373276740724
1,100,4,0.25,0.0,172.94358223469203,172.94358223469203
1,100,4,0.25,0.0,14.351887189981724,14.351887189981724
1,100,4,0.25,0.0,12.118459742504145,12.118459742504145
1,100,4,0.25,0.0,6.965647175957714,6.965647175957714
1,96,6,1,0.0625,175.927626210882,175.92762621088212
1,96,6,1,0.25,151.80833352187076,151.80833352187082
1,96,6,1,0.125,0.002286114367914156,0.002286114367914285
1,96,6,1,0.1875,87.32850854889386,87.3285085488939
1,96,6,1,0.3125,134.51853690737752,134.51853690737755
1,96,6,1,0.1875,0.007266181075942442,0.007266181075942483
1,96,6,1,0.25,229.9210526905025,229.92105269050253
1,96,6,1,0.3125,142.59554216393622,142.59554216393622
1,96,6,1,0.25,14.559837740934096,14.559837740934103
1,96,6,1,0.0,3.2782418960782302,3.2782418960782387
1,96,6,0.5,0.25,87.58153337650543,87.58153337650545
1,96,6,0.5,0.25,225.7496797161164,225.74967971611647
1,96,6,0.5,0.3125,5.2277411027911285,5.2277411027911205
1,96,6,0.5,0.1875,1.9327058800796388,1.932705880079633
1,96,6,0.5,0.375,4.186788201188791,4.186788201188784
1,96,6,0.5,0.25,3.587435768573574,3.587435768573566
1,96,6,0.5,0.1875,151.392283882156,151.392283882156
1,96,6,0.5,0.3125,164.64704393880203,164.64704393880203
1,96,6,0.5,0.25,3.8921824020061306,3.8921824020061258
1,96,6,0.5,0.25,0.004777419622450598,0.004777419622450603
1,96,6,0.25,0.125,169.13084333766545,169.13084333766545
1,96,6,0.25,0.125,6.557103525972633,6.557103525972629
1,96,6,0.25,0.1875,58.07794530365488,58.0779453036549
1,96,6,0.25,0.0625,202.68437471465438,202.6843747146545
1,96,6,0.25,0.25,134.85240016422216,134.85240016422216
1,96,6,0.25,0.25,222.11087259218834,222.11087259218846
1,96,6,0.25,0.125,0.0027834766580854473,0.002783476658085678
1,96,6,0.25,0.25,248.6407547225245,248.64075472252452
1,96,6,0.25,0.3125,47.539399737720764,47.539399737720785
1,96,6,0.25,0.4375,6.3900940108352415,6.390094010835232
1,96,8,1,0.0,0.008935548763924342,0.008935548763924342
1,96,8,1,0.0,111.62013630641333,111.62013630641333
1,96,8,1,0.0,0.0038865397085895057,0.0038865397085895057
1,96,8,1,0.0,0.009464185533795738,0.009464185533795738
1,96,8,1,0.0,134.77425476292183,134.77425476292183
1,96,8,1,0.0,141.31206221620874,141.31206221620874
1,96,8,1,0.0,109.8264142068905,109.8264142068905
1,96,8,1,0.0,3.1603842468359438,3.1603842468359438
1,96,8,1,0.0,0.6818009357468703,0.6818009357468703
1,96,8,1,0.0,193.67981881945914,193.67981881945914
1,96,8,0.5,0.0,231.4995882949554,231.4995882949554
1,96,8,0.5,0.0,0.005496499666403177,0.005496499666403177
1,96,8,0.5,0.0,7.9337049936264314,7.9337049936264314
1,96,8,0.5,0.0,34.268675745010036,34.268675745010036
1,96,8,0.5,0.0,7.200030545724231,7.200030545724231
1,96,8,0.5,0.0,146.69643816629505,146.69643816629505
1,96,8,0.5,0.0,88.36425479480674,88.36425479480674
1,96,8,0.5,0.0,7.164294470803384,7.164294470803384
1,96,8,0.5,0.0,1.7913713425275801,1.7913713425275801
1,96,8,0.5,0.0,108.82943318023109,108.82943318023109
1,96,8,0.25,0.0,95.1188074195158,95.1188074195158
1,96,8,0.25,0.0,145.60514857532402,145.60514857532402
1,96,8,0.25,0.0,0.0031440214810187403,0.0031440214810187403
1,96,8,0.25,0.0,79.23267050110674,79.23267050110674
1,96,8,0.25,0.0,167.3809865867172,167.3809865867172
1,96,8,0.25,0.0,0.001142741431689701,0.001142741431689701
1,96,8,0.25,0.0,170.5503258865596,170.5503258865596
1,96,8,0.25,0.0,0.004051243953584172,0.004051243953584172
1,96,8,0.25,0.0,85.93328911756355,85.93328911756355
1,96,8,0.25,0.0,6.830124652555697,6.830124652555697
1,100,10,1,0.3,96.46197133707282,96.46197133707287
1,100,10,1,0.5,96.0459433516194,96.04594335161934
1,100,10,1,0.2,0.00485051929852136,0.004850519298521394
1,100,10,1,0.2,0.002290317194775856,0.002290317194775959
1,100,10,1,0.3,1.958010662230435,1.9580106622304316
1,100,10,1,0.4,153.30524110894982,153.3052411089497
1,100,10,1,0.3,0.011571002927425208,0.011571002927425383
1,100,10,1,0.0,0.0022992711669817525,0.002299271166982193
1,100,10,1,0.2,0.006066293506004894,0.006066293506004769
1,100,10,1,0.2,0.0026396632006563643,0.0026396632006565586
1,100,10,0.5,0.5,1.6197687636064753,1.619768763606474
1,100,10,0.5,0.2,106.7267640611165,106.72676406111653
1,100,10,0.5,0.2,0.0012334333037019225,0.0012334333037020179
1,100,10,0.5,0.2,135.76974379957147,135.7697437995715
1,100,10,0.5,0.2,71.96098921020413,71.96098921020413
1,100,10,0.5,0.2,88.31492510177074,88.31492510177074
1,100,10,0.5,0.2,5.418589889802938,5.418589889802929
1,100,10,0.5,0.3,34.32903871450726,34.32903871450725
1,100,10,0.5,0.4,3.0115602884739845,3.0115602884739743
1,100,10,0.5,0.4,72.61794985929899,72.61794985929899
1,100,10,0.25,0.2,1.8350484863622651,1.8350484863622711
1,100,10,0.25,0.2,195.06855055697235,195.06855055697235
1,100,10,0.25,0.1,195.49718972443512,195.49718972443517
1,100,10,0.25,0.4,0.0014902341448430477,0.001490234144842994
1,100,10,0.25,0.1,25.466725704875394,25.46672570487541
1,100,10,0.25,0.4,8.6888751376144,8.688875137614414
1,100,10,0.25,0.4,34.59956639979181,34.599566399791755
1,100,10,0.25,0.3,10.086444572863314,10.086444572863293
1,100,10,0.25,0.5,0.0016398051539367505,0.001639805153936635
1,100,10,0.25,0.4,84.43088090235157,84.43088090235153
1,96,12,1,0.375,0.002407025383278729,0.0024070253832781546
1,96,12,1,0.125,2.1574969244635462,2.157496924463553
1,96,12,1,0.625,34.06704023076643,34.06704023076641
1,96,12,1,0.0,0.08848185979416788,0.08848185979416988
1,96,12,1,0.125,4.678571869585415,4.678571869585431
1,96,12,1,0.0,0.002279659036327891,0.0022796590363279657
1,96,12,1,0.375,0.0040189024165280494,0.004018902416528176
1,96,12,1,0.5,175.8577687916424,175.85776879164246
1,96,12,1,0.0,0.39939282719911545,0.3993928271991206
1,96,12,1,0.25,108.26243674111572,108.26243674111576
1,96,12,0.5,0.25,2.4355799801922227,2.4355799801922298
1,96,12,0.5,0.0,0.9320601083909907,0.9320601083909971
1,96,12,0.5,0.5,173.8892445865429,173.88924458654284
1,96,12,0.5,0.0,80.43412062648217,80.43412062648221
1,96,12,0.5,0.375,76.51338332456535,76.51338332456535
1,96,12,0.5,0.25,2.2097379164090114,2.20973791640901
1,96,12,0.5,0.25,58.27038495684593,58.27038495684596
1,96,12,0.5,0.375,67.66053983488703,67.66053983488702
1,96,12,0.5,0.5,1.5151390358246173,1.5151390358246144
1,96,12,0.5,0.125,0.0022280444910848358,0.002228044491084864
1,96,12,0.25,0.375,112.97125385588998,112.97125385588994
1,96,12,0.25,0.25,10.460250341597613,10.460250341597614
1,96,12,0.25,0.25,3.1456195513251854,3.1456195513251823
1,96,12,0.25,0.125,4.550627657809462,4.550627657809486
1,96,12,0.25,0.25,65.6002911407137,65.60029114071375
1,96,12,0.25,0.0,68.66030745192089,68.660307451921
1,96,12,0.25,0.25,48.83213773949268,48.832137739492694
1,96,12,0.25,0.25,0.0014040589978855356,0.0014040589978858396
1,96,12,0.25,0.0,0.002019872095215591,0.002019872095215846
1,96,12,0.25,0.25,190.56148830056998,190.5614883005701
1,98,14,1,0.42857142857142855,46.364095020965976,46.36409502096605
1,98,14,1,0.2857142857142857,87.92537295267776,87.92537295267778
1,98,14,1,0.42857142857142855,79.30801795701962,79.30801795701953
1,98,14,1,0.2857142857142857,6.2864509634383285,6.286450963438335
1,98,14,1,0.0,0.0028397166393099088,0.002839716639310201
1,98,14,1,0.42857142857142855,0.0022309624963261884,0.0022309624963265363
1,98,14,1,0.2857142857142857,40.77531597081708,40.77531597081708
1,98,14,1,0.2857142857142857,0.8702408482150209,0.8702408482150262
1,98,14,1,0.42857142857142855,0.007849593802665488,0.007849593802665096
1,98,14,1,0.2857142857142857,53.90059924740376,53.90059924740388
1,98,14,0.5,0.2857142857142857,0.0012813762192715376,0.00128137621927166
1,98,14,0.5,0.42857142857142855,87.09533951589538,87.09533951589536
1,98,14,0.5,0.42857142857142855,27.241124548387653,27.24112454838764
1,98,14,0.5,0.42857142857142855,3.1356419748883817,3.1356419748883773
1,98,14,0.5,0.14285714285714285,35.99556571435976,35.99556571435984
1,98,14,0.5,0.5714285714285714,0.02348042546406859,0.023480425464067017
1,98,14,0.5,0.42857142857142855,38.01111045051381,38.0111104505138
1,98,14,0.5,0.42857142857142855,3.1240491894792557,3.124049189479257
1,98,14,0.5,0.0,37.68092283428986,37.68092283428992
1,98,14,0.5,0.14285714285714285,1.9961899785571167,1.9961899785571229
1,98,14,0.25,0.8571428571428571,27.45207902792282,27.452079027922768
1,98,14,0.25,0.2857142857142857,28.806955162212102,28.806955162212088
1,98,14,0.25,0.0,0.010471484654369565,0.010471484654371204
1,98,14,0.25,0.0,101.0105815528217,101.01058155282176
1,98,14,0.25,0.42857142857142855,0.01361635291853142,0.013616352918531032
1,98,14,0.25,0.42857142857142855,0.0011895485222730435,0.001189548522272885
1,98,14,0.25,0.2857142857142857,2.198380472269378,2.1983804722693896
1,98,14,0.25,0.42857142857142855,195.5543100941806,195.55431009418075
1,98,14,0.25,0.7142857142857143,0.005430987077669591,0.00543098707766918
1,98,14,0.25,0.14285714285714285,0.0008651912972822652,0.0008651912972823158
1,96,16,1,0.0,63.396777104190114,63.396777104190114
1,96,16,1,0.0,2.689778478223269,2.689778478223269
1,96,16,1,0.0,0.005107020330888464,0.005107020330888464
1,96,16,1,0.0,62.02029315977509,62.02029315977509
1,96,16,1,0.0,53.930820671183426,53.930820671183426
1,96,16,1,0.0,48.81111165873822,48.81111165873822
1,96,16,1,0.0,0.0049411704907593315,0.0049411704907593315
1,96,16,1,0.0,0.0015099660502506651,0.0015099660502506651
1,96,16,1,0.0,45.281544959604844,45.281544959604844
1,96,16,1,0.0,27.263312426768337,27.263312426768337
1,96,16,0.5,0.0,22.228729727065637,22.228729727065637
1,96,16,0.5,0.0,0.0019594824512351536,0.0019594824512351536
1,96,16,0.5,0.0,90.23697374659513,90.23697374659513
1,96,16,0.5,0.0,65.22817953972928,65.22817953972928
1,96,16,0.5,0.0,2.5121382417354883,2.5121382417354883
1,96,16,0.5,0.0,59.20203454611781,59.20203454611781
1,96,16,0.5,0.0,0.00034839445969014204,0.00034839445969014204
1,96,16,0.5,0.0,0.009108649580501695,0.009108649580501695
1,96,16,0.5,0.0,0.003394436278759351,0.003394436278759351
1,96,16,0.5,0.0,1.3079490499764261,1.3079490499764261
1,96,16,0.25,0.0,41.40994860253476,41.40994860253476
1,96,16,0.25,0.0,30.54942026260287,30.54942026260287
1,96,16,0.25,0.0,0.004599672189370756,0.004599672189370756
1,96,16,0.25,0.0,51.068456563975815,51.068456563975815
1,96,16,0.25,0.0,0.003301760983676423,0.003301760983676423
1,96,16,0.25,0.0,11.606460608578443,11.606460608578443
1,96,16,0.25,0.0,70.67379828180852,70.67379828180852
1,96,16,0.25,0.0,47.4843708799386,47.4843708799386
1,96,16,0.25,0.0,2.3463524860491662,2.3463524860491662
1,96,16,0.25,0.0,30.87684642190966,30.87684642190966
1,90,18,1,0.2,0.0012608738552977324,0.0012608738552980885
1,90,18,1,0.0,0.8386518291054361,0.8386518291054464
1,90,18,1,0.2,0.0009617025844820628,0.0009617025844821674
1,90,18,1,0.4,27.114795671508165,27.11479567150813
1,90,18,1,0.2,37.45909975658718,37.459099756587214
1,90,18,1,0.2,142.38220479785014,142.3822047978502
1,90,18,1,0.6,42.98672663174527,42.9867266317452
1,90,18,1,0.4,0.812484559099086,0.8124845590990841
1,90,18,1,0.0,32.551145078096766,32.5511450780968
1,90,18,1,0.4,126.97613331589812,126.9761333158981
1,90,18,0.5,0.2,0.00044088033435421125,0.00044088033435469513
1,90,18,0.5,0.2,39.27423152281945,39.27423152281955
1,90,18,0.5,0.8,0.493756507631538,0.4937565076315303
1,90,18,0.5,0.2,31.2680658539849,31.268065853984986
1,90,18,0.5,0.4,0.000570040030966424,0.0005700400309664774
1,90,18,0.5,0.4,66.51414512367788,66.51414512367798
1,90,18,0.5,0.6,0.0012608465735805886,0.0012608465735803138
1,90,18,0.5,0.2,0.9559089642390569,0.9559089642390539
1,90,18,0.5,0.0,52.94837953318646,52.948379533186554
1,90,18,0.5,0.2,16.279146901042427,16.279146901042413
1,90,18,0.25,0.6,48.38482816398884,48.38482816398882
1,90,18,0.25,0.2,139.2437817733354,139.24378177333531
1,90,18,0.25,0.6,2.134581244319651,2.134581244319632
1,90,18,0.25,0.8,0.6384370673245897,0.6384370673245767
1,90,18,0.25,0.4,14.432160156382182,14.432160156382178
1,90,18,0.25,0.4,0.004933236421270834,0.004933236421270669
1,90,18,0.25,0.2,5.322124272470868,5.3221242724709
1,90,18,0.25,0.6,0.23932697531980382,0.23932697531980268
1,90,18,0.25,0.8,2.8274195372793036,2.82741953727927
1,90,18,0.25,1.0,206.9551289746385,206.95512897463817
1,500,2,1,0.0,406.0693078841686,406.0693078841686
1,500,2,1,0.0,539.1272851147646,539.1272851147646
1,500,2,1,0.0,458.69433559919463,458.69433559919463
1,500,2,1,0.0,0.017244895350312577,0.017244895350312577
1,500,2,1,0.0,25.07026097528675,25.07026097528675
1,500,2,1,0.0,592.4583995427806,592.4583995427806
1,500,2,1,0.0,0.0707438390656821,0.0707438390656821
1,500,2,1,0.0,618.2398644719711,618.2398644719711
1,500,2,1,0.0,507.1563684099519,507.1563684099519
1,500,2,1,0.0,406.8470507736107,406.8470507736107
1,500,2,0.5,0.0,247.61049124784327,247.61049124784327
1,500,2,0.5,0.0,251.78892721328972,251.78892721328972
1,500,2,0.5,0.0,573.8993801175678,573.8993801175678
1,500,2,0.5,0.0,594.9650174234596,594.9650174234596
1,500,2,0.5,0.0,21.85549425193718,21.85549425193718
1,500,2,0.5,0.0,10.525107214178691,10.525107214178691
1,500,2,0.5,0.0,7.886520221357408,7.886520221357408
1,500,2,0.5,0.0,0.01894440257888133,0.01894440257888133
1,500,2,0.5,0.0,21.171313150057205,21.171313150057205
1,500,2,0.5,0.0,551.4682168230155,551.4682168230155
1,500,2,0.25,0.0,123.47624780595427,123.47624780595427
1,500,2,0.25,0.0,0.11279947880692083,0.11279947880692083
1,500,2,0.25,0.0,26.146149879138566,26.146149879138566
1,500,2,0.25,0.0,0.010832059501371895,0.010832059501371895
1,500,2,0.25,0.0,408.4147285748356,408.4147285748356
1,500,2,0.25,0.0,0.010089045447840247,0.010089045447840247
1,500,2,0.25,0.0,0.018046741179140974,0.018046741179140974
1,500,2,0.25,0.0,149.0658760382923,149.0658760382923
1,500,2,0.25,0.0,13.233776633752132,13.233776633752132
1,500,2,0.25,0.0,687.7432828727317,687.7432828727317
1,500,4,1,0.0,0.0030722271381400596,0.0030722271381400596
1,500,4,1,0.0,2.9229840214308065,2.9229840214308065
1,500,4,1,0.0,12.897106210892836,12.897106210892836
1,500,4,1,0.0,228.14989563064344,228.14989563064344
1,500,4,1,0.0,316.80987395299405,316.80987395299405
1,500,4,1,0.0,275.8298576013244,275.8298576013244
1,500,4,1,0.0,83.25237071135751,83.25237071135751
1,500,4,1,0.0,0.041478105136264404,0.041478105136264404
1,500,4,1,0.0,189.52260507487566,189.52260507487566
1,500,4,1,0.0,209.21451114406221,209.21451114406221
1,500,4,0.5,0.0,174.37683629087445,174.37683629087445
1,500,4,0.5,0.0,0.005874782578812251,0.005874782578812251
1,500,4,0.5,0.0,4.185410991792389,4.185410991792389
1,500,4,0.5,0.0,387.3741368896221,387.3741368896221
1,500,4,0.5,0.0,455.1360452096992,455.1360452096992
1,500,4,0.5,0.0,248.83390142927442,248.83390142927442
1,500,4,0.5,0.0,11.33890472521858,11.33890472521858
1,500,4,0.5,0.0,0.007174971011400648,0.007174971011400648
1,500,4,0.5,0.0,241.83407793322328,241.83407793322328
1,500,4,0.5,0.0,186.96140444135963,186.96140444135963
1,500,4,0.25,0.0,0.02048328945323099,0.02048328945323099
1,500,4,0.25,0.0,258.4249540357785,258.4249540357785
1,500,4,0.25,0.0,0.016805681344007204,0.016805681344007204
1,500,4,0.25,0.0,0.031960912704072635,0.031960912704072635
1,500,4,0.25,0.0,415.49562106738153,415.49562106738153
1,500,4,0.25,0.0,357.77358952294094,357.77358952294094
1,500,4,0.25,0.0,298.1424861665499,298.1424861665499
1,500,4,0.25,0.0,0.006218458691788224,0.006218458691788224
1,500,4,0.25,0.0,88.08233193806446,88.08233193806446
1,500,4,0.25,0.0,246.19756860162036,246.19756860162036
1,498,6,1,0.2891566265060241,1.7238453370878137,1.7238453370878126
1,498,6,1,0.26506024096385544,0.003449283313047814,0.003449283313047857
1,498,6,1,0.24096385542168675,9.293724391209002,9.293724391209004
1,498,6,1,0.24096385542168675,136.19900532767497,136.199005327675
1,498,6,1,0.2891566265060241,1.5124320413256165,1.5124320413256158
1,498,6,1,0.24096385542168675,0.0020595800572052203,0.0020595800572052376
1,498,6,1,0.27710843373493976,78.77500877993343,78.77500877993343
1,498,6,1,0.21686746987951808,214.33162522048636,214.33162522048642
1,498,6,1,0.20481927710843373,151.18400300098492,151.18400300098492
1,498,6,1,0.27710843373493976,1.2959676676686318,1.29596766766863
1,498,6,0.5,0.24096385542168675,0.003441562019272811,0.0034415620192727826
1,498,6,0.5,0.27710843373493976,0.003391771837266976,0.0033917718372669446
1,498,6,0.5,0.2891566265060241,183.08364879867182,183.08364879867182
1,498,6,0.5,0.27710843373493976,141.84765697877776,141.84765697877776
1,498,6,0.5,0.1686746987951807,217.78707926200155,217.78707926200158
1,498,6,0.5,0.2891566265060241,83.72837780288941,83.72837780288938
1,498,6,0.5,0.2289156626506024,215.4950030592541,215.4950030592541
1,498,6,0.5,0.20481927710843373,234.66948754412562,234.66948754412564
1,498,6,0.5,0.27710843373493976,3.237314816693143,3.237314816693145
1,498,6,0.5,0.1686746987951807,184.0178672481492,184.01786724814923
1,498,6,0.25,0.21686746987951808,4.826606043041865,4.826606043041865
1,498,6,0.25,0.2289156626506024,190.69735790067685,190.69735790067693
1,498,6,0.25,0.26506024096385544,194.1956919168204,194.19569191682044
1,498,6,0.25,0.26506024096385544,7.883616973375064,7.883616973375059
1,498,6,0.25,0.20481927710843373,6.385424299011738,6.385424299011738
1,498,6,0.25,0.25301204819277107,0.0021523207973075153,0.0021523207973075174
1,498,6,0.25,0.20481927710843373,4.7368544491813545,4.736854449181362
1,498,6,0.25,0.25301204819277107,5.380461029048011,5.380461029048012
1,498,6,0.25,0.2891566265060241,7.044706128590296,7.0447061285902945
1,498,6,0.25,0.20481927710843373,193.57296812732602,193.57296812732608
1,496,8,1,0.0,5.387694388773328,5.387694388773328
1,496,8,1,0.0,0.004509693409897539,0.004509693409897539
1,496,8,1,0.0,1.389845588006063,1.389845588006063
1,496,8,1,0.0,126.75349437153635,126.75349437153635
1,496,8,1,0.0,5.96561439663018,5.96561439663018
1,496,8,1,0.0,0.004677878170623351,0.004677878170623351
1,496,8,1,0.0,125.44458387859414,125.44458387859414
1,496,8,1,0.0,91.10621914938316,91.10621914938316
1,496,8,1,0.0,0.019339036567609602,0.019339036567609602
1,496,8,1,0.0,0.7874585462154682,0.7874585462154682
1,496,8,0.5,0.0,167.9072577296806,167.9072577296806
1,496,8,0.5,0.0,139.44086614879785,139.44086614879785
1,496,8,0.5,0.0,152.59244811712935,152.59244811712935
1,496,8,0.5,0.0,70.28042524155319,70.28042524155319
1,496,8,0.5,0.0,0.0028256266923761663,0.0028256266923761663
1,496,8,0.5,0.0,0.026473223737137112,0.026473223737137112
1,496,8,0.5,0.0,2.2594210869415896,2.2594210869415896
1,496,8,0.5,0.0,156.0680281549054,156.0680281549054
1,496,8,0.5,0.0,0.0036818498864634058,0.0036818498864634058
1,496,8,0.5,0.0,51.16614897353125,51.16614897353125
1,496,8,0.25,0.0,91.08610088299878,91.08610088299878
1,496,8,0.25,0.0,0.0026505241066563817,0.0026505241066563817
1,496,8,0.25,0.0,0.0024037943244891373,0.0024037943244891373
1,496,8,0.25,0.0,24.096070504428265,24.096070504428265
1,496,8,0.25,0.0,32.797103918277976,32.797103918277976
1,496,8,0.25,0.0,34.426037610436666,34.426037610436666
1,496,8,0.25,0.0,0.003023000430721703,0.003023000430721703
1,496,8,0.25,0.0,144.2622812240024,144.2622812240024
1,496,8,0.25,0.0,302.237893823941,302.237893823941
1,496,8,0.25,0.0,255.423773244828,255.423773244828
1,500,10,1,0.34,4.5409295301420665,4.540929530142065
1,500,10,1,0.3,0.002300859456934505,0.0023008594569345524
1,500,10,1,0.32,4.088929957574567,4.088929957574569
1,500,10,1,0.3,0.01897084009111927,0.018970840091119042
1,500,10,1,0.38,139.97759539052532,139.97759539052527
1,500,10,1,0.3,0.0029417614265429444,0.002941761426542959
1,500,10,1,0.32,6.869728865551276,6.869728865551272
1,500,10,1,0.22,0.016067341177954136,0.016067341177954046
1,500,10,1,0.26,95.70420969188712,95.70420969188712
1,500,10,1,0.24,0.0035101234177189254,0.0035101234177189067
1,500,10,0.5,0.32,1.900953338242727,1.900953338242723
1,500,10,0.5,0.26,0.009085364959223446,0.009085364959223612
1,500,10,0.5,0.32,117.21659404881932,117.21659404881926
1,500,10,0.5,0.34,123.53693575102292,123.53693575102292
1,500,10,0.5,0.18,115.79969639366269,115.79969639366269
1,500,10,0.5,0.32,4.011125426989752,4.011125426989744
1,500,10,0.5,0.3,140.155207676179,140.15520767617897
1,500,10,0.5,0.32,35.340129428322655,35.340129428322655
1,500,10,0.5,0.16,107.1578668661847,107.15786686618475
1,500,10,0.5,0.24,192.47235492262396,192.47235492262396
1,500,10,0.25,0.3,3.305354818453806,3.305354818453803
1,500,10,0.25,0.28,0.0040639187961002705,0.004063918796100155
1,500,10,0.25,0.22,118.9051557431387,118.90515574313874
1,500,10,0.25,0.2,0.001615709787554433,0.0016157097875544944
1,500,10,0.25,0.38,4.323518016700763,4.323518016700761
1,500,10,0.25,0.18,0.00764811016451551,0.007648110164515438
1,500,10,0.25,0.32,0.0015990831224225606,0.0015990831224225734
1,500,10,0.25,0.2,69.04553117057918,69.04553117057918
1,500,10,0.25,0.3,159.22921337869195,159.22921337869192
1,500,10,0.25,0.3,3.9603349408911157,3.9603349408911175
1,492,12,1,0.17073170731707318,67.77372028666532,67.7737202866654
1,492,12,1,0.3902439024390244,99.92602560791899,99.92602560791899
1,492,12,1,0.2682926829268293,0.004474165365152903,0.004474165365153157
1,492,12,1,0.2682926829268293,1.1685220150028992,1.1685220150029014
1,492,12,1,0.0975609756097561,89.18308358514452,89.1830835851446
1,492,12,1,0.21951219512195122,3.967605031280731,3.967605031280734
1,492,12,1,0.24390243902439024,119.9397156742894,119.93971567428942
1,492,12,1,0.36585365853658536,1.3564879567716321,1.3564879567716335
1,492,12,1,0.34146341463414637,81.80876719237375,81.80876719237372
1,492,12,1,0.2926829268292683,92.58425540572485,92.58425540572485
1,492,12,0.5,0.3170731707317073,91.6190331001466,91.61903310014661
1,492,12,0.5,0.4146341463414634,95.4993103339415,95.49931033394148
1,492,12,0.5,0.3902439024390244,0.0011982700656710229,0.001198270065670949
1,492,12,0.5,0.2682926829268293,30.49996853294273,30.499968532942734
1,492,12,0.5,0.2926829268292683,0.001629496373655805,0.0016294963736556676
1,492,12,0.5,0.24390243902439024,0.0032295702246373983,0.0032295702246374096
1,492,12,0.5,0.3902439024390244,104.21023033407398,104.21023033407404
1,492,12,0.5,0.2926829268292683,132.7073459795058,132.70734597950582
1,492,12,0.5,0.36585365853658536,0.8929096581020396,0.8929096581020417
1,492,12,0.5,0.24390243902439024,38.54131246473277,38.54131246473277
1,492,12,0.25,0.24390243902439024,3.2550245011752392,3.2550245011752432
1,492,12,0.25,0.2682926829268293,0.004599533209380426,0.004599533209380389
1,492,12,0.25,0.2682926829268293,91.25298846565131,91.2529884656513
1,492,12,0.25,0.2926829268292683,129.35768360120042,129.35768360120048
1,492,12,0.25,0.2926829268292683,125.4647461327483,125.46474613274832
1,492,12,0.25,0.2682926829268293,0.007690879123659332,0.007690879123659269
1,492,12,0.25,0.2926829268292683,65.56194881685606,65.56194881685605
1,492,12,0.25,0.17073170731707318,67.30957166321511,67.30957166321515
1,492,12,0.25,0.4146341463414634,2.7315292171927648,2.73152921719276
1,492,12,0.25,0.21951219512195122,97.48109204470272,97.48109204470272
1,490,14,1,0.14285714285714285,72.5358484461319,72.53584844613195
1,490,14,1,0.45714285714285713,84.57165537682039,84.57165537682036
1,490,14,1,0.42857142857142855,4.001060670853923,4.001060670853931
1,490,14,1,0.2571428571428571,85.34312295204813,85.34312295204816
1,490,14,1,0.3142857142857143,49.80157683855637,49.80157683855635
1,490,14,1,0.2857142857142857,108.05838684867919,108.05838684867916
1,490,14,1,0.22857142857142856,0.457564637623201,0.45756463762320393
1,490,14,1,0.34285714285714286,40.14765732607819,40.14765732607816
1,490,14,1,0.2571428571428571,67.8974239844057,67.89742398440572
1,490,14,1,0.3142857142857143,38.44843489210227,38.448434892102256
1,490,14,0.5,0.34285714285714286,0.02074849512666328,0.02074849512666352
1,490,14,0.5,0.2857142857142857,3.543069272816927,3.5430692728169246
1,490,14,0.5,0.2857142857142857,115.2605928137327,115.26059281373271
1,490,14,0.5,0.37142857142857144,42.00000643623406,42.00000643623405
1,490,14,0.5,0.34285714285714286,0.002967790710385172,0.002967790710385202
1,490,14,0.5,0.45714285714285713,0.9995156778875065,0.9995156778875031
1,490,14,0.5,0.2,126.29109065696217,126.29109065696223
1,490,14,0.5,0.14285714285714285,2.1248100942766635,2.1248100942766714
1,490,14,0.5,0.2857142857142857,125.84410384174583,125.84410384174586
1,490,14,0.5,0.34285714285714286,125.61294563630467,125.6129456363047
1,490,14,0.25,0.4,16.715115782456586,16.715115782456586
1,490,14,0.25,0.3142857142857143,2.5774286855724444,2.577428685572445
1,490,14,0.25,0.2857142857142857,50.551684977771835,50.551684977771835
1,490,14,0.25,0.2571428571428571,0.002235735013399939,0.0022357350133999708
1,490,14,0.25,0.4,0.0021927180885437866,0.002192718088543726
1,490,14,0.25,0.22857142857142856,74.44383173786542,74.44383173786544
1,490,14,0.25,0.34285714285714286,0.0018135831187512932,0.00181358311875124
1,490,14,0.25,0.34285714285714286,2.5236323333492345,2.523632333349229
1,490,14,0.25,0.2857142857142857,72.98429706521212,72.98429706521212
1,490,14,0.25,0.2857142857142857,0.000904637219341455,0.0009046372193415301
1,496,16,1,0.0,57.53206094617969,57.53206094617969
1,496,16,1,0.0,51.47889244003318,51.47889244003318
1,496,16,1,0.0,33.08271977387804,33.08271977387804
1,496,16,1,0.0,104.03369570414164,104.03369570414164
1,496,16,1,0.0,2.1149638716883703,2.1149638716883703
1,496,16,1,0.0,0.9608847932991041,0.9608847932991041
1,496,16,1,0.0,76.42865393383039,76.42865393383039
1,496,16,1,0.0,74.9182721071051,74.9182721071051
1,496,16,1,0.0,2.217076371415266,2.217076371415266
1,496,16,1,0.0,2.210331221014462,2.210331221014462
1,496,16,0.5,0.0,76.70932236051088,76.70932236051088
1,496,16,0.5,0.0,0.0009728020839496651,0.0009728020839496651
1,496,16,0.5,0.0,2.851633662351982,2.851633662351982
1,496,16,0.5,0.0,65.25256257931363,65.25256257931363
1,496,16,0.5,0.0,1.7841816971633806,1.7841816971633806
1,496,16,0.5,0.0,0.001959271056825013,0.001959271056825013
1,496,16,0.5,0.0,0.004493028750528963,0.004493028750528963
1,496,16,0.5,0.0,0.0009039269150311139,0.0009039269150311139
1,496,16,0.5,0.0,82.94406202099962,82.94406202099962
1,496,16,0.5,0.0,34.69216746875107,34.69216746875107
1,496,16,0.25,0.0,1.626824960737341,1.626824960737341
1,496,16,0.25,0.0,83.64654838913374,83.64654838913374
1,496,16,0.25,0.0,14.836557923072226,14.836557923072226
1,496,16,0.25,0.0,51.9495030397396,51.9495030397396
1,496,16,0.25,0.0,121.68835379834304,121.68835379834304
1,496,16,0.25,0.0,96.71863522913002,96.71863522913002
1,496,16,0.25,0.0,82.28361754084389,82.28361754084389
1,496,16,0.25,0.0,2.4289758249850215,2.4289758249850215
1,496,16,0.25,0.0,1.0641846561759516,1.0641846561759516
1,496,16,0.25,0.0,4.192363851541314,4.192363851541314
1,486,18,1,0.3333333333333333,36.404799973600326,36.404799973600326
1,486,18,1,0.2962962962962963,2.106699033051262,2.1066990330512625
1,486,18,1,0.4074074074074074,40.10714201235954,40.107142012359546
1,486,18,1,0.3333333333333333,2.351009057429704,2.3510090574297045
1,486,18,1,0.2222222222222222,0.004771354627016854,0.004771354627016962
1,486,18,1,0.2962962962962963,0.6619178323077736,0.6619178323077759
1,486,18,1,0.14814814814814814,64.76070064060495,64.76070064060498
1,486,18,1,0.2962962962962963,0.001050927401185923,0.0010509274011858557
1,486,18,1,0.25925925925925924,0.002095698495146318,0.0020956984951463592
1,486,18,1,0.3333333333333333,0.0006131640899545378,0.0006131640899543966
1,486,18,0.5,0.2962962962962963,0.0064965663158210105,0.006496566315821157
1,486,18,0.5,0.3333333333333333,114.2323312115661,114.2323312115661
1,486,18,0.5,0.2222222222222222,50.314438004339664,50.314438004339664
1,486,18,0.5,0.37037037037037035,0.00107581251893426,0.001075812518934268
1,486,18,0.5,0.2222222222222222,0.0019091547144155607,0.0019091547144155464
1,486,18,0.5,0.18518518518518517,42.5367258928584,42.53672589285845
1,486,18,0.5,0.3333333333333333,0.005172200438787877,0.005172200438787945
1,486,18,0.5,0.2222222222222222,32.652485587099854,32.65248558709989
1,486,18,0.5,0.4444444444444444,1.501951198689872,1.501951198689873
1,486,18,0.5,0.2222222222222222,60.91856797904789,60.9185679790479
1,486,18,0.25,0.3333333333333333,83.15185221556582,83.15185221556584
1,486,18,0.25,0.2222222222222222,45.71880524529643,45.718805245296466
1,486,18,0.25,0.3333333333333333,15.420295463356435,15.420295463356434
1,486,18,0.25,0.4074074074074074,63.06306426818992,63.06306426818992
1,486,18,0.25,0.3333333333333333,22.518378948246035,22.518378948246056
1,486,18,0.25,0.37037037037037035,60.58400643985643,60.58400643985643
1,486,18,0.25,0.2222222222222222,0.002686260646375046,0.002686260646375229
1,486,18,0.25,0.25925925925925924,126.3213219801077,126.32132198010774
1,486,18,0.25,0.37037037037037035,0.9108057391752822,0.9108057391752777
1,486,18,0.25,0.2962962962962963,54.905234073420885,54.90523407342086
1,2000,2,1,0.0,543.0562740401323,543.0562740401323
1,2000,2,1,0.0,555.6424254630045,555.6424254630045
1,2000,2,1,0.0,0.013854804363290287,0.013854804363290287
1,2000,2,1,0.0,5.027078521873746,5.027078521873746
1,2000,2,1,0.0,4.897101577522216,4.897101577522216
1,2000,2,1,0.0,0.04867497612956456,0.04867497612956456
1,2000,2,1,0.0,525.5386332917458,525.5386332917458
1,2000,2,1,0.0,597.2863905794025,597.2863905794025
1,2000,2,1,0.0,0.0051459192658853,0.0051459192658853
1,2000,2,1,0.0,0.01174134057053685,0.01174134057053685
1,2000,2,0.5,0.0,0.006124190821755743,0.006124190821755743
1,2000,2,0.5,0.0,8.529206560420853,8.529206560420853
1,2000,2,0.5,0.0,572.1210461045913,572.1210461045913
1,2000,2,0.5,0.0,677.0927031918602,677.0927031918602
1,2000,2,0.5,0.0,539.2380846692951,539.2380846692951
1,2000,2,0.5,0.0,0.06513679914440498,0.06513679914440498
1,2000,2,0.5,0.0,8.987467135456754,8.987467135456754
1,2000,2,0.5,0.0,858.8440708426934,858.8440708426934
1,2000,2,0.5,0.0,485.90899382643806,485.90899382643806
1,2000,2,0.5,0.0,0.025316828065818794,0.025316828065818794
1,2000,2,0.25,0.0,0.007895820207428038,0.007895820207428038
1,2000,2,0.25,0.0,14.114836387307012,14.114836387307012
1,2000,2,0.25,0.0,0.019436315644229013,0.019436315644229013
1,2000,2,0.25,0.0,14.152916597913826,14.152916597913826
1,2000,2,0.25,0.0,0.010180887393229721,0.010180887393229721
1,2000,2,0.25,0.0,0.0065415380128444065,0.0065415380128444065
1,2000,2,0.25,0.0,782.1544214728126,782.1544214728126
1,2000,2,0.25,0.0,22.789821229254493,22.789821229254493
1,2000,2,0.25,0.0,0.010845633309213589,0.010845633309213589
1,2000,2,0.25,0.0,555.7661414639556,555.7661414639556
1,2000,4,1,0.0,274.9501652189973,274.9501652189973
1,2000,4,1,0.0,0.02232299154768393,0.02232299154768393
1,2000,4,1,0.0,191.09102574436332,191.09102574436332
1,2000,4,1,0.0,277.4028377975028,277.4028377975028
1,2000,4,1,0.0,0.007222090518272753,0.007222090518272753
1,2000,4,1,0.0,357.04908523877384,357.04908523877384
1,2000,4,1,0.0,2.8019145220553985,2.8019145220553985
1,2000,4,1,0.0,0.00857367980338482,0.00857367980338482
1,2000,4,1,0.0,8.546003570238257,8.546003570238257
1,2000,4,1,0.0,0.005656996931524275,0.005656996931524275
1,2000,4,0.5,0.0,0.0027240122764408785,0.0027240122764408785
1,2000,4,0.5,0.0,4.522248609110849,4.522248609110849
1,2000,4,0.5,0.0,377.9197716012285,377.9197716012285
1,2000,4,0.5,0.0,10.437196641524858,10.437196641524858
1,2000,4,0.5,0.0,4.26887587798735,4.26887587798735
1,2000,4,0.5,0.0,293.57394164020104,293.57394164020104
1,2000,4,0.5,0.0,270.65076895814326,270.65076895814326
1,2000,4,0.5,0.0,4.476166626485072,4.476166626485072
1,2000,4,0.5,0.0,0.006032647938333911,0.006032647938333911
1,2000,4,0.5,0.0,482.6619251644362,482.6619251644362
1,2000,4,0.25,0.0,69.48268515478266,69.48268515478266
1,2000,4,0.25,0.0,387.8538054187164,387.8538054187164
1,2000,4,0.25,0.0,7.164870274141187,7.164870274141187
1,2000,4,0.25,0.0,0.003975510983626403,0.003975510983626403
1,2000,4,0.25,0.0,11.15102237344828,11.15102237344828
1,2000,4,0.25,0.0,287.97284517134943,287.97284517134943
1,2000,4,0.25,0.0,0.003567971637768564,0.003567971637768564
1,2000,4,0.25,0.0,267.1721539051055,267.1721539051055
1,2000,4,0.25,0.0,289.4203276298666,289.4203276298666
1,2000,4,0.25,0.0,7.425086709090617,7.425086709090617
1,1998,6,1,0.21621621621621623,194.6959612803491,194.69596128034914
1,1998,6,1,0.3063063063063063,1.6870281263930624,1.68702812639306
1,1998,6,1,0.2552552552552553,0.06346267357443176,0.06346267357443176
1,1998,6,1,0.22822822822822822,147.6308059780967,147.63080597809673
1,1998,6,1,0.21621621621621623,202.1189010381407,202.11890103814073
1,1998,6,1,0.2012012012012012,129.83712462293772,129.83712462293778
1,1998,6,1,0.2882882882882883,0.026575323638207592,0.02657532363820765
1,1998,6,1,0.24324324324324326,6.65273668011012,6.65273668011012
1,1998,6,1,0.21921921921921922,163.9750828898642,163.9750828898642
1,1998,6,1,0.26426426426426425,206.80177112198018,206.8017711219802
1,1998,6,0.5,0.3063063063063063,0.013384763114519286,0.01338476311451924
1,1998,6,0.5,0.24924924924924924,0.010494946430613456,0.01049494643061346
1,1998,6,0.5,0.21621621621621623,238.36568054564466,238.36568054564466
1,1998,6,0.5,0.2852852852852853,0.00979099165496906,0.009790991654968937
1,1998,6,0.5,0.23723723723723725,0.002779888793860315,0.002779888793860306
1,1998,6,0.5,0.2552552552552553,0.015734641441659702,0.01573464144165977
1,1998,6,0.5,0.24024024024024024,199.64928114291945,199.64928114291945
1,1998,6,0.5,0.24624624624624625,167.7153338609388,167.7153338609388
1,1998,6,0.5,0.24924924924924924,2.795922196779984,2.795922196779985
1,1998,6,0.5,0.23123123123123124,6.7576179342004,6.757617934200403
1,1998,6,0.25,0.27627627627627627,44.568810518711985,44.568810518711985
1,1998,6,0.25,0.23723723723723725,43.63707357183799,43.637073571837995
1,1998,6,0.25,0.22522522522522523,253.69860971591092,253.69860971591098
1,1998,6,0.25,0.24924924924924924,50.08252414038089,50.08252414038091
1,1998,6,0.25,0.24324324324324326,253.29158047013397,253.29158047013397
1,1998,6,0.25,0.24624624624624625,181.73392071310974,181.73392071310977
1,1998,6,0.25,0.23423423423423423,161.91667776464422,161.91667776464425
1,1998,6,0.25,0.26426426426426425,161.4142236351539,161.4142236351539
1,1998,6,0.25,0.2552552552552553,0.015090527290294902,0.015090527290294939
1,1998,6,0.25,0.24324324324324326,6.480532860967982,6.480532860967983
1,2000,8,1,0.0,89.117380330963,89.117380330963
1,2000,8,1,0.0,148.35449682981664,148.35449682981664
1,2000,8,1,0.0,141.1983655715933,141.1983655715933
1,2000,8,1,0.0,5.0293749536961565,5.0293749536961565
1,2000,8,1,0.0,92.98375819489013,92.98375819489013
1,2000,8,1,0.0,0.01610997400038244,0.01610997400038244
1,2000,8,1,0.0,5.56443751536038,5.56443751536038
1,2000,8,1,0.0,1.1101273131162925,1.1101273131162925
1,2000,8,1,0.0,0.02050110092076304,0.02050110092076304
1,2000,8,1,0.0,0.037566927661393815,0.037566927661393815
1,2000,8,0.5,0.0,2.4117549176106516,2.4117549176106516
1,2000,8,0.5,0.0,145.0702520457431,145.0702520457431
1,2000,8,0.5,0.0,55.15600972822271,55.15600972822271
